投資家部門別対外証券投資（短期債）,,,,,,,,,,,,,,,,,,,最終更新日  令和8年8月10日,,,,,,,,,,,,,,,,,,,,,,,,,,,,,,,,,,
Purchases and Sales of Foreign Securities by Residents by Types of Investors(Short-term debt securities),,,,,,,,,,,,,,,,,,,"Final Update  August 10, 2026",,,,,,,,,,,,,,,,,,,,,,,,,,,,,,,,,,
,,,,,,,,,,,,,,,,,,,,,,,,,,,,,,,,,,,,,,,,,,,,,,,,,,,,（単位：億円）,
,,,,,,,,,,,,,,,,,,,,,,,,,,,,,,,,,,,,,,,,,,,,,,,,,,,,（Unit: 100 mil Yen）,
,,,各部門計,,,公的部門,,,,,,,,,預金取扱機関,,,,,,,,,その他部門,,,,,,,,,,,,,,,,,,,,,,,,,,,,,
,,,,,,,,,中央銀行,,,一般政府,,,,,,銀行等（銀行勘定）,,,信託銀行（銀行勘定）,,,,,,その他金融機関,,,,,,,,,,,,,,,,,,,,,,,,その他,,
,,,,,,,,,,,,,,,,,,,,,,,,,,,,,,銀行等及び信託銀行（信託勘定）,,,,,,,,,金融商品取引業者,,,生命保険会社,,,損害保険会社,,,投資信託委託会社等,,,,,
,,,（a+b+c+ｄ),,, Public Sector,,,,,,,,,Deposit-taking Corporations (b),,,,,,,,,Other Sectors （d),,,,,,,,,銀行等（信託勘定）,,,信託銀行（信託勘定）,,,,,,,,,,,,,,,,,
,,,,,,,,,Central Bank (a),,,General Government (ｃ),,,,,,Banks（Banking Accounts),,,Trust Banks(Banking Accounts）,,,,,,Other Financial Corporations,,,Banks and Trust banks（Trust Accounts）,,,Banks（Trust Accounts）,,,Trust Banks（Trust Accounts）,,,Financial Instruments Firms,,,Life Insurance Companies,,,Non-Life Insurance Companies,,,Investment Trust Management Companies,,,Others,,
,,,取得,処分,ネット,取得,処分,ネット,取得,処分,ネット,取得,処分,ネット,取得,処分,ネット,取得,処分,ネット,取得,処分,ネット,取得,処分,ネット,取得,処分,ネット,取得,処分,ネット,取得,処分,ネット,取得,処分,ネット,取得,処分,ネット,取得,処分,ネット,取得,処分,ネット,取得,処分,ネット,取得,処分,ネット
,,,Acquisition,Disposition,Net,Acquisition,Disposition,Net,Acquisition,Disposition,Net,Acquisition,Disposition,Net,Acquisition,Disposition,Net,Acquisition,Disposition,Net,Acquisition,Disposition,Net,Acquisition,Disposition,Net,Acquisition,Disposition,Net,Acquisition,Disposition,Net,Acquisition,Disposition,Net,Acquisition,Disposition,Net,Acquisition,Disposition,Net,Acquisition,Disposition,Net,Acquisition,Disposition,Net,Acquisition,Disposition,Net,Acquisition,Disposition,Net
2005,1月,Jan,"8,289","9,042",-753,0,0,0,-,-,-,-,-,-,"3,181","4,000",-819,"3,129","3,946",-817,52,55,-2,"5,108","5,041",67,"5,013","4,402",610,"1,586","1,615",-30,-,-,-,-,-,-,"1,313",286,"1,026",303,287,17,0,0,0,"1,811","2,214",-403,96,639,-543
,2月,Feb,"5,523","6,528","-1,005",0,0,0,-,-,-,-,-,-,881,"1,528",-647,519,"1,462",-942,361,67,295,"4,642","5,000",-358,"4,540","4,249",292,"2,083","1,987",96,-,-,-,-,-,-,839,151,688,306,401,-95,0,5,-5,"1,312","1,705",-392,101,752,-650
,3月,Mar,"6,985","8,129","-1,144",0,0,0,-,-,-,-,-,-,"1,378","2,288",-910,"1,225","2,210",-985,153,79,75,"5,607","5,841",-234,"5,488","4,246","1,242","2,143","1,597",546,-,-,-,-,-,-,"1,171",194,977,291,408,-117,0,0,0,"1,883","2,047",-164,119,"1,595","-1,476"
,4月,Apr,"7,643","7,320",322,0,0,0,-,-,-,-,-,-,983,"1,290",-307,952,767,185,31,523,-492,"6,660","6,031",629,"6,367","5,313","1,055","2,856","2,209",647,-,-,-,-,-,-,"1,223",295,928,186,215,-29,0,0,0,"2,102","2,594",-491,292,718,-425
,5月,May,"7,388","6,011","1,377",0,5,-5,-,-,-,-,-,-,"1,574",263,"1,311","1,543",210,"1,333",31,53,-22,"5,814","5,743",71,"5,698","5,112",586,"2,599","2,151",448,-,-,-,-,-,-,866,119,747,416,600,-184,0,9,-9,"1,817","2,233",-416,115,630,-515
,6月,Jun,"7,624","8,409",-785,0,35,-35,-,-,-,-,-,-,"1,738","1,986",-248,"1,472","1,719",-247,266,267,-1,"5,886","6,389",-502,"5,646","5,334",311,"2,317","2,481",-164,-,-,-,-,-,-,"1,033",147,886,358,395,-37,0,0,0,"1,938","2,311",-374,240,"1,054",-814
,7月,Jul,"7,668","7,773",-104,0,0,0,-,-,-,-,-,-,988,"1,214",-226,213,"1,161",-948,775,53,722,"6,680","6,558",122,"6,410","5,566",843,"2,494","2,712",-218,-,-,-,-,-,-,"1,247",71,"1,176",698,634,64,0,20,-20,"1,971","2,129",-159,270,992,-722
,8月,Aug,"7,235","7,963",-728,0,0,0,-,-,-,-,-,-,815,"1,217",-402,815,950,-135,0,267,-267,"6,420","6,746",-326,"6,236","5,857",379,"2,891","2,943",-52,-,-,-,-,-,-,951,169,781,488,521,-33,3,5,-2,"1,903","2,219",-315,183,889,-706
,9月,Sep,"6,702","9,138","-2,436",0,0,0,-,-,-,-,-,-,"1,177","1,385",-208,"1,177","1,231",-54,0,154,-154,"5,525","7,753","-2,228","5,402","6,291",-887,"1,813","2,801",-988,-,-,-,-,-,-,"1,022",72,951,350,376,-25,0,0,0,"2,217","3,042",-825,123,"1,463","-1,341"
,10月,Oct,"7,345","7,341",4,0,0,0,-,-,-,-,-,-,"2,047","1,937",110,"1,464","1,307",157,583,630,-47,"5,298","5,405",-107,"5,064","4,348",715,"2,050","2,185",-135,-,-,-,-,-,-,980,103,877,27,28,-1,0,0,0,"2,007","2,032",-26,234,"1,056",-822
,11月,Nov,"6,111","6,065",46,0,0,0,-,-,-,-,-,-,467,522,-55,467,471,-4,0,51,-51,"5,644","5,542",101,"5,532","4,468","1,064","2,599","2,202",396,-,-,-,-,-,-,"1,202",638,564,166,45,122,0,0,0,"1,565","1,583",-18,112,"1,074",-962
,12月,Dec,"6,048","7,584","-1,536",0,0,0,-,-,-,-,-,-,"1,311","1,752",-441,"1,311","1,752",-441,0,0,0,"4,738","5,833","-1,095","4,484","4,460",24,"1,926","2,394",-468,-,-,-,-,-,-,"1,037",385,652,23,44,-21,0,7,-7,"1,498","1,630",-132,254,"1,373","-1,120"
2006,1月,Jan,"7,871","7,540",331,0,0,0,-,-,-,-,-,-,"1,169","1,421",-252,561,796,-235,608,625,-18,"6,702","6,119",583,"6,595","4,972","1,623","3,098","2,241",857,-,-,-,-,-,-,"1,392",607,785,30,34,-4,0,15,-15,"2,075","2,075",0,107,"1,147","-1,040"
,2月,Feb,"7,338","6,764",575,0,0,0,-,-,-,-,-,-,"1,220","1,214",6,"1,220","1,184",36,0,30,-30,"6,119","5,550",569,"5,938","4,872","1,065","2,703","2,725",-22,-,-,-,-,-,-,"1,345",178,"1,167",51,30,21,0,10,-10,"1,839","1,929",-91,182,678,-496
,3月,Mar,"8,434","9,170",-736,0,0,0,-,-,-,-,-,-,"1,131","1,373",-243,"1,119","1,343",-224,12,30,-18,"7,304","7,797",-493,"7,278","6,143","1,136","3,642","2,954",689,-,-,-,-,-,-,"1,396",539,857,115,111,5,0,0,0,"2,125","2,539",-415,26,"1,654","-1,628"
,4月,Apr,"7,593","9,696","-2,103",0,0,0,-,-,-,-,-,-,"1,400","1,727",-328,770,"1,090",-320,630,637,-7,"6,194","7,969","-1,776","6,161","7,168","-1,009","3,334","3,972",-639,-,-,-,-,-,-,815,993,-179,55,253,-198,0,0,0,"1,957","1,950",7,34,801,-767
,5月,May,"6,851","7,572",-721,0,0,0,-,-,-,-,-,-,"1,143",805,338,"1,143",805,338,0,0,0,"5,708","6,768","-1,059","5,570","5,676",-104,"2,165","2,603",-437,-,-,-,-,-,-,567,105,462,257,346,-88,0,0,0,"2,581","2,622",-41,138,"1,093",-955
,6月,Jun,"7,529","9,434","-1,905",0,0,0,-,-,-,-,-,-,196,638,-442,196,638,-442,0,0,0,"7,333","8,795","-1,463","7,312","7,768",-455,"3,327","3,609",-282,-,-,-,-,-,-,662,115,547,234,258,-24,0,0,0,"3,089","3,786",-696,21,"1,028","-1,007"
,7月,Jul,"9,620","7,508","2,112",0,0,0,-,-,-,-,-,-,"1,574",763,811,988,158,830,586,605,-19,"8,046","6,745","1,301","7,974","5,922","2,051","4,128","2,630","1,497",-,-,-,-,-,-,677,90,587,190,225,-34,0,0,0,"2,979","2,977",1,72,823,-751
,8月,Aug,"8,025","8,764",-739,0,0,0,-,-,-,-,-,-,579,597,-17,579,597,-17,0,0,0,"7,446","8,167",-722,"7,411","7,645",-235,"3,744","3,856",-112,-,-,-,-,-,-,298,85,212,0,196,-196,0,0,0,"3,369","3,508",-139,35,523,-487
,9月,Sep,"7,843","8,013",-170,0,0,0,-,-,-,-,-,-,198,77,121,198,77,121,0,0,0,"7,645","7,936",-291,"7,539","6,942",596,"4,398","4,045",353,-,-,-,-,-,-,587,80,507,309,0,309,0,0,0,"2,245","2,817",-573,106,993,-887
,10月,Oct,"8,091","8,981",-891,0,0,0,-,-,-,-,-,-,"1,329","1,651",-322,951,"1,036",-85,378,615,-237,"6,762","7,331",-569,"6,626","6,515",111,"2,869","2,619",250,-,-,-,-,-,-,343,102,241,460,802,-342,0,0,0,"2,954","2,992",-38,136,816,-680
,11月,Nov,"7,056","8,339","-1,284",0,0,0,-,-,-,-,-,-,445,755,-310,445,755,-310,0,0,0,"6,611","7,585",-974,"6,499","7,085",-586,"3,202","4,447","-1,245",-,-,-,-,-,-,"1,015",53,962,365,364,1,0,0,0,"1,917","2,221",-304,112,499,-387
,12月,Dec,"7,985","10,070","-2,085",0,0,0,-,-,-,-,-,-,277,686,-409,277,666,-389,0,20,-20,"7,708","9,384","-1,675","7,687","8,466",-778,"4,972","5,559",-586,-,-,-,-,-,-,369,181,187,286,262,25,0,0,0,"2,060","2,464",-404,21,918,-898
2007,1月,Jan,"6,471","6,583",-112,0,0,0,-,-,-,-,-,-,"1,319","1,304",15,938,918,20,382,386,-5,"5,152","5,279",-127,"5,111","4,308",804,"2,045","1,828",217,-,-,-,-,-,-,462,74,388,644,306,338,0,0,0,"1,960","2,100",-139,40,972,-931
,2月,Feb,"5,489","5,935",-445,0,0,0,-,-,-,-,-,-,154,256,-102,154,255,-101,0,1,-1,"5,335","5,678",-343,"5,323","4,849",474,"1,857","1,821",35,-,-,-,-,-,-,319,91,228,406,253,154,0,10,-10,"2,741","2,674",67,12,829,-817
,3月,Mar,"10,510","9,329","1,181",0,0,0,-,-,-,-,-,-,"3,376","1,192","2,184","3,376","1,162","2,214",0,30,-30,"7,134","8,136","-1,002","6,664","6,933",-270,"3,447","4,156",-709,-,-,-,-,-,-,509,178,330,"1,022",960,62,0,0,0,"1,686","1,639",47,470,"1,203",-733
,4月,Apr,"9,336","11,255","-1,919",0,0,0,-,-,-,-,-,-,462,"1,497","-1,035",71,"1,101","-1,030",391,396,-5,"8,874","9,757",-884,"8,346","8,765",-419,"4,631","5,194",-563,-,-,-,-,-,-,794,208,586,"1,096","1,062",34,0,0,0,"1,825","2,301",-476,527,993,-466
,5月,May,"8,482","9,680","-1,198",0,0,0,-,-,-,-,-,-,632,"1,538",-905,632,"1,538",-905,0,0,0,"7,850","8,142",-292,"7,410","6,515",895,"3,161","2,332",829,-,-,-,-,-,-,473,56,417,"1,612","1,707",-95,0,0,0,"2,164","2,420",-256,440,"1,627","-1,187"
,6月,Jun,"8,549","9,493",-944,0,0,0,-,-,-,-,-,-,"1,779","1,344",435,"1,779","1,344",435,0,0,0,"6,770","8,149","-1,379","6,298","6,639",-340,"3,106","3,368",-261,-,-,-,-,-,-,527,99,428,"1,346","1,932",-586,0,0,0,"1,319","1,240",79,472,"1,511","-1,039"
,7月,Jul,"9,618","8,971",646,0,0,0,-,-,-,-,-,-,548,495,53,154,76,78,394,419,-25,"9,069","8,476",593,"7,888","6,665","1,222","3,308","2,367",941,-,-,-,-,-,-,732,226,505,"1,595","1,557",38,0,8,-8,"2,253","2,507",-254,"1,183","1,811",-629
,8月,Aug,"10,583","10,075",508,0,0,0,-,-,-,-,-,-,"2,391","1,154","1,237","2,391","1,154","1,237",0,0,0,"8,192","8,921",-730,"8,189","8,022",170,"2,590","3,556",-966,-,-,-,-,-,-,549,296,254,"3,378","2,332","1,047",0,0,0,"1,672","1,838",-165,2,901,-899
,9月,Sep,"10,188","11,152",-965,0,0,0,-,-,-,-,-,-,"1,870","1,501",370,"1,870","1,501",370,0,0,0,"8,317","9,652","-1,335","8,215","8,558",-345,"2,967","3,003",-36,-,-,-,-,-,-,430,37,393,"2,745","2,869",-125,0,0,0,"2,073","2,649",-577,102,"1,093",-991
,10月,Oct,"14,488","12,766","1,722",0,0,0,-,-,-,-,-,-,"2,423","1,192","1,231","2,052",806,"1,247",371,387,-16,"12,065","11,574",491,"11,701","11,233",470,"2,641","2,838",-197,-,-,-,-,-,-,"1,037",118,920,"5,340","5,407",-67,100,0,100,"2,583","2,870",-286,364,341,23
,11月,Nov,"14,220","13,047","1,174",0,0,0,-,-,-,-,-,-,"7,063","4,914","2,149","7,063","4,800","2,263",0,114,-114,"7,157","8,133",-975,"7,142","7,611",-468,"1,746","2,377",-631,-,-,-,-,-,-,"1,177",345,833,"2,665","3,476",-811,200,0,200,"1,354","1,413",-59,14,521,-507
,12月,Dec,"6,116","8,961","-2,845",0,0,0,-,-,-,-,-,-,292,"2,024","-1,732",292,"2,022","-1,730",0,2,-2,"5,824","6,937","-1,113","5,627","6,027",-399,"1,889","2,375",-486,-,-,-,-,-,-,384,40,344,"1,155","1,280",-125,0,0,0,"2,199","2,332",-132,196,909,-713
2008,1月,Jan,"8,031","7,048",983,0,0,0,-,-,-,-,-,-,"1,316","1,596",-280,"1,184","1,351",-168,132,244,-112,"6,715","5,452","1,263","6,341","5,135","1,206","1,847","1,568",279,-,-,-,-,-,-,789,170,619,"1,225","1,180",45,299,0,299,"2,181","2,217",-36,373,316,57
,2月,Feb,"11,558","10,038","1,520",0,0,0,-,-,-,-,-,-,"5,344","4,038","1,306","5,344","4,038","1,306",0,0,0,"6,214","6,000",214,"6,122","5,789",333,"1,491","2,225",-734,-,-,-,-,-,-,"1,091",120,971,"1,739","1,769",-30,0,0,0,"1,801","1,675",126,92,211,-119
,3月,Mar,"7,975","10,688","-2,713",0,0,0,-,-,-,-,-,-,"1,071","4,400","-3,329","1,071","4,380","-3,309",0,20,-20,"6,904","6,287",616,"6,765","5,697","1,068","1,665","1,618",47,-,-,-,-,-,-,"1,120",55,"1,064","2,121","2,061",60,0,0,0,"1,859","1,963",-103,138,590,-452
,4月,Apr,"7,709","8,381",-672,0,0,0,-,-,-,-,-,-,"1,183","1,709",-526,"1,066","1,602",-536,117,107,10,"6,526","6,673",-147,"6,464","6,136",327,"1,378","1,830",-452,-,-,-,-,-,-,"1,083",45,"1,037","2,431","2,484",-53,0,0,0,"1,572","1,777",-205,62,536,-474
,5月,May,"8,482","7,049","1,432",0,0,0,-,-,-,-,-,-,396,606,-210,396,606,-210,0,0,0,"8,085","6,443","1,642","8,003","6,119","1,884","1,718","1,412",306,-,-,-,-,-,-,"1,659",75,"1,585","2,948","2,835",113,0,0,0,"1,678","1,797",-120,82,325,-243
,6月,Jun,"6,394","5,754",640,0,0,0,-,-,-,-,-,-,"1,150",535,615,"1,105",535,570,45,0,45,"5,245","5,220",25,"5,224","4,532",692,"1,577","1,470",107,-,-,-,-,-,-,970,103,867,"1,382","1,457",-76,0,0,0,"1,295","1,502",-206,20,687,-667
,7月,Jul,"8,612","8,267",345,0,0,0,-,-,-,-,-,-,"1,894","1,828",67,"1,710","1,713",-3,184,114,70,"6,718","6,440",278,"6,677","6,046",630,"1,298","1,285",12,-,-,-,-,-,-,692,47,645,"2,074","2,086",-12,0,0,0,"2,613","2,628",-15,41,394,-353
,8月,Aug,"10,673","8,250","2,423",0,0,0,-,-,-,-,-,-,"4,885","1,477","3,408","4,775","1,371","3,404",111,107,4,"5,787","6,772",-985,"5,754","6,566",-814,"1,206","2,611","-1,406",-,-,-,-,-,-,739,76,662,"2,417","2,412",4,0,0,0,"1,392","1,467",-74,34,206,-172
,9月,Sep,"8,815","11,366","-2,551",0,0,0,-,-,-,-,-,-,"2,394","5,267","-2,873","2,264","5,257","-2,993",130,10,120,"6,421","6,099",322,"6,390","5,730",658,"2,079","1,633",446,-,-,-,-,-,-,557,183,373,"1,907","2,011",-104,0,0,0,"1,847","1,903",-57,31,368,-337
,10月,Oct,"5,623","6,130",-507,0,0,0,-,-,-,-,-,-,"2,295","3,038",-744,"2,267","3,014",-747,27,24,3,"3,329","3,092",237,"3,326","2,921",405,"1,594","1,224",370,-,-,-,-,-,-,445,48,397,754,718,36,0,0,0,533,931,-398,2,172,-170
,11月,Nov,"4,910","4,397",513,0,0,0,-,-,-,-,-,-,"1,722",637,"1,085","1,711",637,"1,074",11,0,11,"3,188","3,760",-572,"3,187","3,462",-274,"1,219","1,774",-554,-,-,-,-,-,-,394,69,325,912,877,35,0,0,0,662,742,-80,0,297,-297
,12月,Dec,"5,841","4,962",879,0,0,0,-,-,-,-,-,-,"1,743","1,034",709,"1,289","1,034",255,454,0,454,"4,098","3,928",170,"4,070","3,578",492,"1,196","1,357",-161,-,-,-,-,-,-,597,33,564,"1,145","1,059",86,0,0,0,"1,132","1,129",3,28,350,-322
2009,1月,Jan,"5,990","3,592","2,398",0,0,0,-,-,-,-,-,-,"2,879","1,208","1,671","2,830","1,174","1,657",48,34,15,"3,111","2,384",727,"3,108","2,170",939,937,879,57,-,-,-,-,-,-,983,25,958,597,592,6,0,0,0,591,674,-82,3,215,-212
,2月,Feb,"6,525","2,579","3,947",0,0,0,-,-,-,-,-,-,"3,491",185,"3,306","3,491",185,"3,306",0,0,0,"3,034","2,394",640,"3,034","2,252",782,"1,146",704,442,-,-,-,-,-,-,507,21,486,"1,020",994,26,0,0,0,361,533,-172,0,142,-142
,3月,Mar,"5,475","5,808",-333,0,0,0,-,-,-,-,-,-,"1,090",590,500,"1,090",460,630,0,130,-130,"4,385","5,218",-832,"4,378","4,391",-13,"1,085","1,464",-379,-,-,-,-,-,-,857,429,428,"1,475","1,527",-52,0,0,0,961,971,-10,7,827,-820
,4月,Apr,"4,512","5,716","-1,204",0,0,0,-,-,-,-,-,-,939,"1,957","-1,018",902,"1,910","-1,008",37,47,-9,"3,573","3,760",-186,"3,573","2,885",689,808,959,-151,-,-,-,-,-,-,818,39,780,"1,348","1,168",180,0,0,0,599,719,-120,0,875,-875
,5月,May,"6,854","6,029",825,0,0,0,-,-,-,-,-,-,928,"1,168",-240,923,962,-39,5,206,-201,"5,926","4,860","1,065","5,926","4,111","1,814","1,084","1,140",-56,-,-,-,-,-,-,"2,962","1,364","1,597","1,358","1,226",132,0,0,0,522,381,141,0,748,-748
,6月,Jun,"6,110","7,027",-916,0,0,0,-,-,-,-,-,-,928,985,-58,918,540,378,10,446,-436,"5,183","6,041",-859,"5,169","4,861",308,648,"1,113",-464,-,-,-,-,-,-,"2,088","1,229",859,"1,288","1,021",267,0,0,0,"1,145","1,498",-354,14,"1,180","-1,166"
,7月,Jul,"4,080","4,770",-691,0,0,0,-,-,-,-,-,-,535,"1,219",-684,482,"1,142",-660,53,77,-24,"3,544","3,551",-7,"3,544","2,813",730,"1,245","1,163",81,-,-,-,-,-,-,796,29,766,969,880,89,0,0,0,534,741,-206,1,738,-737
,8月,Aug,"5,900","5,213",687,0,0,0,-,-,-,-,-,-,"1,414",892,522,"1,414",892,522,0,0,0,"4,486","4,320",165,"4,485","3,660",825,"1,222",923,299,-,-,-,-,-,-,"1,554",924,630,"1,529","1,566",-37,0,0,0,180,247,-67,1,661,-660
,9月,Sep,"7,575","6,252","1,323",0,0,0,-,-,-,-,-,-,"2,762","1,633","1,129","2,762","1,633","1,129",0,0,0,"4,813","4,619",194,"4,813","3,990",823,"1,875","1,763",112,-,-,-,-,-,-,771,30,741,"1,489","1,311",178,0,0,0,678,886,-208,0,628,-628
,10月,Oct,"6,684","4,399","2,285",0,0,0,-,-,-,-,-,-,"1,175",313,861,"1,125",261,864,49,52,-3,"5,510","4,086","1,424","5,508","3,758","1,751","2,910","1,719","1,191",-,-,-,-,-,-,726,18,708,"1,009",926,84,0,0,0,863,"1,095",-232,1,328,-327
,11月,Nov,"5,039","3,250","1,789",0,0,0,-,-,-,-,-,-,"1,879",841,"1,037","1,879",841,"1,037",0,0,0,"3,160","2,409",751,"3,160","1,996","1,164","1,154",961,193,-,-,-,-,-,-,"1,030",45,985,838,786,52,0,15,-15,138,189,-51,0,413,-413
,12月,Dec,"4,155","4,978",-823,0,0,0,-,-,-,-,-,-,223,744,-521,223,744,-521,0,0,0,"3,932","4,234",-302,"3,931","3,810",121,"1,788","2,123",-335,-,-,-,-,-,-,597,27,570,915,"1,012",-97,0,10,-10,631,638,-7,0,424,-424
2010,1月,Jan,"4,006","5,386","-1,381",0,0,0,-,-,-,-,-,-,711,"2,057","-1,346",684,"2,030","-1,346",27,27,0,"3,295","3,330",-34,"3,295","3,073",221,"1,073","1,504",-431,-,-,-,-,-,-,"1,102",52,"1,050",555,915,-360,0,10,-10,565,592,-28,0,256,-256
,2月,Feb,"3,314","3,048",266,0,0,0,-,-,-,-,-,-,545,553,-8,545,553,-8,0,0,0,"2,769","2,495",274,"2,769","1,947",821,"1,197",775,421,-,-,-,-,-,-,703,75,628,638,665,-27,0,0,0,231,432,-201,0,548,-548
,3月,Mar,"5,914","5,747",167,0,0,0,-,-,-,-,-,-,403,416,-13,403,416,-13,0,0,0,"5,512","5,331",180,"5,512","3,870","1,640","2,384","1,837",546,-,-,-,-,-,-,"1,780",596,"1,184","1,015",995,20,0,15,-15,333,427,-95,0,"1,461","-1,461"
,4月,Apr,"4,560","3,926",634,0,0,0,-,-,-,-,-,-,975,705,270,948,657,291,27,48,-21,"3,586","3,221",364,"3,585","2,508","1,076",993,496,497,-,-,-,-,-,-,"1,009",362,647,"1,020",993,26,0,0,0,563,657,-94,0,712,-712
,5月,May,"5,230","4,527",703,0,0,0,-,-,-,-,-,-,879,383,496,829,383,446,50,0,50,"4,351","4,144",208,"4,331","3,357",973,"1,529","1,021",507,-,-,-,-,-,-,"1,095",500,595,"1,175","1,150",25,0,0,0,532,686,-154,20,786,-766
,6月,Jun,"5,485","6,435",-950,0,0,0,-,-,-,-,-,-,9,560,-551,0,560,-560,9,0,9,"5,476","5,875",-399,"5,476","5,506",-28,"2,223","3,181",-957,-,-,-,-,-,-,"1,468",326,"1,142","1,383","1,474",-91,0,0,0,402,525,-122,0,371,-371
,7月,Jul,"6,173","5,030","1,142",0,0,0,-,-,-,-,-,-,637,680,-43,637,650,-13,0,31,-31,"5,536","4,350","1,186","5,531","3,715","1,816","2,611","1,993",617,-,-,-,-,-,-,954,101,854,954,978,-24,0,0,0,"1,012",643,369,5,636,-631
,8月,Aug,"4,892","3,611","1,281",0,0,0,-,-,-,-,-,-,"1,021",259,762,"1,021",259,762,0,0,0,"3,871","3,352",519,"3,870","3,003",867,"1,809","1,671",138,-,-,-,-,-,-,985,150,834,768,769,0,0,0,0,308,413,-105,0,348,-348
,9月,Sep,"5,894","6,846",-952,0,0,0,-,-,-,-,-,-,"1,153","2,549","-1,396","1,153","2,549","-1,396",0,0,0,"4,741","4,297",444,"4,741","3,903",838,"1,862","2,099",-237,-,-,-,-,-,-,"1,272",60,"1,212","1,113","1,069",44,0,0,0,494,675,-181,0,395,-395
,10月,Oct,"5,781","5,854",-73,0,0,0,-,-,-,-,-,-,414,"1,338",-924,414,"1,239",-826,0,98,-98,"5,367","4,516",851,"5,358","3,963","1,393","2,407","1,591",815,-,-,-,-,-,-,"1,213",581,631,"1,173","1,150",22,0,0,0,565,641,-75,10,553,-543
,11月,Nov,"4,299","3,768",531,0,0,0,-,-,-,-,-,-,803,427,376,803,427,376,0,0,0,"3,495","3,341",154,"3,486","2,850",635,"1,016",911,105,-,-,-,-,-,-,"1,164",488,676,979,"1,103",-125,0,0,0,327,348,-21,10,491,-481
,12月,Dec,"5,048","4,477",571,0,0,0,-,-,-,-,-,-,765,338,427,744,338,406,21,0,21,"4,283","4,139",144,"4,253","3,301",950,"2,111","1,501",610,-,-,-,-,-,-,671,284,387,907,914,-8,0,0,0,564,602,-39,30,837,-807
2011,1月,Jan,"3,280","3,815",-535,0,0,0,-,-,-,-,-,-,664,537,127,664,537,127,0,0,0,"2,617","3,278",-662,"2,614","2,718",-103,516,966,-450,-,-,-,-,-,-,"1,255",449,806,665,697,-32,0,0,0,178,606,-427,3,561,-558
,2月,Feb,"4,857","4,212",645,0,0,0,-,-,-,-,-,-,427,848,-421,427,848,-421,0,0,0,"4,430","3,364","1,066","4,430","2,734","1,695","2,372","1,195","1,177",-,-,-,-,-,-,"1,154",553,600,639,647,-8,0,0,0,265,339,-74,0,629,-629
,3月,Mar,"7,860","8,446",-586,0,0,0,-,-,-,-,-,-,882,730,152,832,730,102,50,0,50,"6,978","7,717",-739,"6,978","6,595",382,"4,449","4,072",377,-,-,-,-,-,-,"1,136",986,150,877,847,29,0,0,0,516,690,-174,0,"1,121","-1,121"
,4月,Apr,"4,207","3,414",793,0,0,0,-,-,-,-,-,-,123,293,-171,113,272,-160,10,21,-11,"4,084","3,120",964,"4,084","2,399","1,685",998,689,309,-,-,-,-,-,-,"1,328",502,826,"1,188",720,468,0,0,0,570,488,82,0,722,-722
,5月,May,"3,464","4,119",-655,0,0,0,-,-,-,-,-,-,934,804,130,934,804,130,0,0,0,"2,530","3,315",-785,"2,531","2,585",-55,357,704,-347,-,-,-,-,-,-,"1,055",431,624,866,"1,070",-205,0,1,-1,253,379,-126,0,730,-730
,6月,Jun,"8,912","8,904",8,0,0,0,-,-,-,-,-,-,613,735,-122,573,735,-162,40,0,40,"8,298","8,169",130,"8,298","7,700",600,"5,282","5,556",-273,-,-,-,-,-,-,"1,528",590,938,782,888,-105,0,0,0,706,666,40,0,470,-470
,7月,Jul,"3,239","2,963",276,0,0,0,-,-,-,-,-,-,347,454,-107,347,454,-107,0,0,0,"2,892","2,509",383,"2,892","2,218",674,835,634,201,-,-,-,-,-,-,"1,046",583,463,513,447,66,0,0,0,498,554,-56,0,292,-292
,8月,Aug,"3,903","4,172",-269,0,0,0,-,-,-,-,-,-,641,"1,249",-609,641,"1,249",-609,0,0,0,"3,263","2,923",340,"3,263","2,690",573,"1,696","1,142",554,-,-,-,-,-,-,688,649,39,638,682,-44,0,0,0,241,217,24,0,233,-233
,9月,Sep,"5,620","7,715","-2,095",0,0,0,-,-,-,-,-,-,584,"1,615","-1,030",584,"1,550",-965,0,65,-65,"5,036","6,100","-1,064","5,014","5,908",-893,"2,354","4,535","-2,181",-,-,-,-,-,-,"1,651",248,"1,403",500,480,21,0,0,0,509,645,-136,22,193,-171
,10月,Oct,"3,236","3,123",113,0,0,0,-,-,-,-,-,-,385,822,-437,385,822,-437,0,0,0,"2,851","2,301",550,"2,852","1,977",875,856,867,-11,-,-,-,-,-,-,"1,116",251,865,296,316,-20,0,0,0,584,543,41,0,324,-324
,11月,Nov,"2,860","3,532",-672,0,0,0,-,-,-,-,-,-,212,929,-716,212,889,-676,0,40,-40,"2,648","2,603",45,"2,648","2,314",333,"1,167","1,221",-54,-,-,-,-,-,-,978,336,641,279,329,-50,0,0,0,224,428,-204,0,288,-288
,12月,Dec,"3,105","5,991","-2,886",0,0,0,-,-,-,-,-,-,259,818,-559,259,808,-549,0,10,-10,"2,846","5,173","-2,327","2,846","4,575","-1,730","1,524","3,240","-1,716",-,-,-,-,-,-,515,571,-56,343,284,58,0,0,0,464,480,-16,0,598,-598
2012,1月,Jan,"4,317","3,745",572,0,0,0,-,-,-,-,-,-,919,358,561,884,358,526,35,0,35,"3,398","3,387",11,"3,398","2,692",706,696,483,212,-,-,-,-,-,-,877,606,272,"1,382","1,109",273,0,0,0,443,494,-51,0,695,-695
,2月,Feb,"5,434","4,930",504,0,0,0,-,-,-,-,-,-,979,438,542,979,438,542,0,0,0,"4,454","4,492",-38,"4,454","4,104",350,781,604,177,-,-,-,-,-,-,"1,110",669,441,"2,423","2,459",-36,0,0,0,140,372,-232,0,388,-388
,3月,Mar,"4,832","6,192","-1,360",0,0,0,-,-,-,-,-,-,422,171,251,422,171,251,0,0,0,"4,410","6,021","-1,611","4,411","4,641",-230,612,645,-32,-,-,-,-,-,-,"1,025",816,208,"2,317","2,319",-2,0,0,0,457,861,-404,0,"1,381","-1,381"
,4月,Apr,"4,170","4,791",-621,0,0,0,-,-,-,-,-,-,612,"1,071",-459,612,"1,071",-459,0,0,0,"3,558","3,720",-161,"3,559","3,222",337,457,460,-3,-,-,-,-,-,-,858,319,539,"1,709","1,479",230,0,0,0,535,964,-429,0,499,-499
,5月,May,"6,683","6,268",415,0,0,0,-,-,-,-,-,-,"1,078",993,85,980,978,2,98,15,83,"5,605","5,275",330,"5,591","4,552","1,039",910,734,176,-,-,-,-,-,-,972,403,568,"3,571","3,147",424,0,0,0,138,268,-129,14,723,-709
,6月,Jun,"7,038","7,398",-359,0,0,0,-,-,-,-,-,-,645,778,-133,645,758,-113,0,20,-20,"6,394","6,620",-226,"6,394","6,138",256,"1,409","1,428",-19,-,-,-,-,-,-,"1,043",507,536,"3,437","3,471",-34,0,0,0,505,732,-227,0,482,-482
,7月,Jul,"9,486","8,006","1,480",0,0,0,-,-,-,-,-,-,"1,723",312,"1,412","1,723",312,"1,412",0,0,0,"7,762","7,694",68,"7,762","7,477",286,997,959,38,-,-,-,-,-,-,"3,569","3,451",119,"2,654","2,205",449,0,0,0,542,862,-320,0,217,-217
,8月,Aug,"8,515","8,127",388,0,0,0,-,-,-,-,-,-,"1,715",755,960,"1,715",735,980,0,20,-20,"6,800","7,372",-573,"6,801","7,085",-285,"1,051",925,126,-,-,-,-,-,-,"3,580","3,255",325,"1,985","2,340",-355,0,0,0,185,565,-381,0,287,-287
,9月,Sep,"7,792","7,472",320,0,0,0,-,-,-,-,-,-,"1,016",293,723,"1,016",263,753,0,30,-30,"6,776","7,178",-402,"6,767","6,798",-32,"1,086",807,279,-,-,-,-,-,-,"3,610","3,792",-182,"1,688","1,742",-55,0,0,0,383,457,-74,10,380,-370
,10月,Oct,"4,811","4,661",150,0,0,0,-,-,-,-,-,-,0,395,-395,0,395,-395,0,0,0,"4,811","4,266",545,"4,811","4,054",757,780,560,219,-,-,-,-,-,-,828,312,516,"2,413","2,412",1,0,0,0,790,770,21,0,212,-212
,11月,Nov,"3,824","4,583",-759,0,0,0,-,-,-,-,-,-,201,689,-488,201,689,-488,0,0,0,"3,623","3,895",-272,"3,623","3,147",475,"1,015",778,237,-,-,-,-,-,-,627,434,192,"1,880","1,795",85,0,0,0,101,140,-39,0,748,-748
,12月,Dec,"3,799","5,256","-1,458",0,0,0,-,-,-,-,-,-,9,"1,160","-1,151",9,"1,135","-1,126",0,25,-25,"3,790","4,097",-307,"3,789","3,176",615,837,964,-126,-,-,-,-,-,-,"1,017",296,721,"1,389","1,413",-23,0,0,0,546,503,43,0,921,-921
2013,1月,Jan,"7,712","8,324",-613,0,0,0,-,-,-,-,-,-,415,731,-316,415,731,-316,0,0,0,"7,297","7,594",-297,"7,296","6,572",726,"1,798","1,272",527,-,-,-,-,-,-,"3,177","2,999",178,"1,898","1,792",106,0,0,0,423,509,-85,0,"1,022","-1,022"
,2月,Feb,"5,829","6,533",-705,0,0,0,-,-,-,-,-,-,175,486,-311,175,485,-310,0,1,-1,"5,654","6,047",-394,"5,650","4,696",953,"1,924","1,250",674,-,-,-,-,-,-,"1,791","1,434",357,"1,879","1,933",-55,0,0,0,56,79,-23,5,"1,352","-1,347"
,3月,Mar,"7,767","9,895","-2,129",0,1,-1,-,-,-,-,-,-,247,"1,339","-1,093",247,"1,338","-1,092",0,1,-1,"7,520","8,555","-1,035","7,515","6,923",592,"1,323","2,104",-781,-,-,-,-,-,-,"3,937","3,076",861,"2,036","1,567",469,0,0,0,219,176,43,5,"1,632","-1,627"
,4月,Apr,"8,636","9,288",-652,0,0,0,-,-,-,-,-,-,713,743,-30,713,672,41,0,71,-71,"7,923","8,545",-622,"7,919","7,222",696,"1,223","1,423",-200,-,-,-,-,-,-,"4,398","3,374","1,024","1,467","1,575",-108,0,0,0,831,850,-20,5,"1,323","-1,318"
,5月,May,"8,562","9,286",-724,0,0,0,-,-,-,-,-,-,974,501,473,974,501,473,0,0,0,"7,589","8,785","-1,197","7,581","7,152",429,773,"1,031",-259,-,-,-,-,-,-,"4,963","4,358",605,"1,596","1,615",-18,0,0,0,249,148,101,7,"1,634","-1,627"
,6月,Jun,"15,601","14,355","1,246",0,0,0,-,-,-,-,-,-,147,236,-89,147,236,-89,0,0,0,"15,454","14,119","1,335","15,454","13,752","1,702","1,825","1,043",782,-,-,-,-,-,-,"11,780","10,865",915,"1,674","1,599",75,0,0,0,175,245,-70,0,367,-367
,7月,Jul,"16,870","15,755","1,115",0,0,0,-,-,-,-,-,-,0,779,-779,0,779,-779,0,0,0,"16,870","14,976","1,894","16,870","14,381","2,489","2,362","1,302","1,060",-,-,-,-,-,-,"11,771","10,697","1,074","1,885","1,397",488,0,0,0,852,985,-133,0,595,-595
,8月,Aug,"8,207","9,325","-1,118",0,0,0,-,-,-,-,-,-,0,"1,542","-1,542",0,"1,542","-1,542",0,0,0,"8,207","7,783",424,"8,206","7,541",665,"1,199",983,216,-,-,-,-,-,-,"4,882","4,245",637,"1,862","2,189",-327,0,0,0,263,124,139,0,241,-241
,9月,Sep,"10,064","10,975",-911,0,0,0,-,-,-,-,-,-,0,200,-200,0,200,-200,0,0,0,"10,064","10,774",-711,"10,063","10,260",-197,"2,207","3,129",-922,-,-,-,-,-,-,"4,709","3,876",833,"2,820","2,780",40,0,0,0,327,475,-148,0,513,-513
,10月,Oct,"6,839","6,275",564,0,0,0,-,-,-,-,-,-,0,161,-161,0,160,-160,0,1,-1,"6,839","6,114",725,"6,840","5,798","1,042","1,253","1,414",-161,-,-,-,-,-,-,"3,355","2,227","1,128","1,810","1,651",159,0,0,0,422,506,-84,0,317,-317
,11月,Nov,"4,642","4,991",-349,0,2,-2,-,-,-,-,-,-,0,100,-100,0,100,-100,0,0,0,"4,642","4,889",-247,"4,643","4,362",280,896,"1,079",-183,-,-,-,-,-,-,"1,804","1,026",778,"1,601","1,926",-326,0,0,0,342,331,11,0,526,-526
,12月,Dec,"6,987","6,713",273,0,0,0,-,-,-,-,-,-,0,29,-29,0,29,-29,0,0,0,"6,987","6,684",302,"6,986","5,752","1,235","1,542",733,810,-,-,-,-,-,-,"2,815","2,529",286,"2,083","1,981",102,0,0,0,546,509,37,0,933,-933
2014,1月,Jan,"6,969","5,214","1,755",0,0,0,0,0,0,0,0,0,0,17,-17,0,17,-17,0,0,0,"6,969","5,196","1,772","6,969","4,846","2,122","1,587","1,921",-334,0,0,0,"1,587","1,921",-334,"2,796","1,209","1,587","1,981","1,193",788,0,0,0,606,524,82,0,350,-350
,2月,Feb,"7,508","7,230",278,0,0,0,0,0,0,0,0,0,154,170,-16,154,168,-14,0,2,-2,"7,354","7,060",293,"7,353","6,555",798,"2,289","2,117",173,0,0,0,"2,289","2,117",173,"3,042","2,023","1,018","1,732","2,148",-416,0,0,0,290,268,22,1,505,-504
,3月,Mar,"7,737","8,242",-504,0,0,0,0,0,0,0,0,0,9,294,-285,9,288,-279,0,6,-6,"7,728","7,947",-219,"7,728","7,119",610,"1,171","1,562",-391,0,0,0,"1,171","1,562",-391,"3,981","3,033",948,"2,079","1,966",113,0,0,0,497,558,-61,0,828,-828
,4月,Apr,"9,269","7,830","1,440",0,6,-6,0,0,0,0,6,-6,120,560,-440,120,560,-440,0,0,0,"9,149","7,264","1,885","9,149","6,680","2,469","1,508","1,367",141,0,0,0,"1,508","1,367",141,"4,085","2,144","1,941","3,117","2,561",556,0,0,0,439,607,-168,0,584,-584
,5月,May,"6,186","5,402",784,0,0,0,0,0,0,0,0,0,806,897,-92,806,897,-92,0,0,0,"5,380","4,504",876,"5,326","4,104","1,222",881,550,332,0,0,0,881,550,332,"1,955",686,"1,269","2,052","2,442",-389,0,0,0,438,427,11,54,400,-346
,6月,Jun,"7,125","5,759","1,366",0,0,0,0,0,0,0,0,0,50,78,-28,50,78,-28,0,0,0,"7,075","5,681","1,394","7,075","5,150","1,925","1,519",976,543,0,0,0,"1,519",976,543,"2,711","1,135","1,576","2,442","2,545",-103,0,0,0,403,493,-90,0,531,-531
,7月,Jul,"12,019","11,486",533,0,0,0,0,0,0,0,0,0,914,50,863,914,50,864,0,0,0,"11,105","11,436",-331,"11,105","10,852",253,"1,329","1,225",104,0,0,0,"1,329","1,225",104,"5,884","6,664",-780,"3,444","2,577",866,0,0,0,448,386,62,0,584,-584
,8月,Aug,"11,326","9,083","2,243",0,0,0,0,0,0,0,0,0,714,0,714,714,0,714,0,0,0,"10,612","9,083","1,529","10,612","8,364","2,248","1,882","1,425",457,0,0,0,"1,882","1,425",457,"6,548","4,234","2,314","1,806","2,283",-478,0,0,0,377,422,-46,0,719,-719
,9月,Sep,"19,316","18,555",761,0,0,0,0,0,0,0,0,0,709,113,596,709,113,596,0,0,0,"18,607","18,442",165,"18,607","17,417","1,191","1,969","2,537",-568,0,0,0,"1,969","2,537",-568,"14,263","12,099","2,164","1,919","2,323",-404,0,0,0,456,458,-1,0,"1,026","-1,026"
,10月,Oct,"11,170","11,087",83,0,0,0,0,0,0,0,0,0,628,0,628,628,0,628,0,0,0,"10,543","11,087",-545,"10,543","10,628",-86,"1,550","1,711",-161,0,0,0,"1,550","1,711",-161,"6,403","6,400",3,"2,144","1,954",190,0,0,0,447,563,-117,0,459,-459
,11月,Nov,"9,433","8,377","1,055",0,0,0,0,0,0,0,0,0,948,543,405,948,543,405,0,0,0,"8,484","7,834",650,"8,484","7,028","1,456","1,288","1,081",207,0,0,0,"1,288","1,081",207,"4,536","3,091","1,445","2,280","2,391",-111,0,0,0,380,465,-85,0,806,-806
,12月,Dec,"10,259","10,186",73,0,0,0,0,0,0,0,0,0,0,446,-446,0,446,-446,0,0,0,"10,259","9,739",520,"10,259","8,833","1,426",912,764,148,0,0,0,912,764,148,"5,055","4,270",785,"3,720","3,445",275,0,0,0,572,354,217,0,906,-906
2015,1月,Jan,"19,340","14,499","4,842",0,0,0,0,0,0,0,0,0,"5,330","1,282","4,048","5,330","1,282","4,048",0,0,0,"14,010","13,217",793,"14,010","12,404","1,606","1,580","1,592",-12,0,0,0,"1,580","1,592",-12,"9,570","8,082","1,487","2,623","2,578",45,0,0,0,238,152,85,0,813,-813
,2月,Feb,"11,583","11,735",-152,0,0,0,0,0,0,0,0,0,595,"1,126",-531,595,"1,126",-531,0,0,0,"10,988","10,610",379,"10,988","10,033",956,"1,236",978,258,0,0,0,"1,236",978,258,"7,796","6,487","1,309","1,482","2,089",-607,0,0,0,475,479,-4,0,577,-577
,3月,Mar,"14,404","14,110",294,0,0,0,0,0,0,0,0,0,100,366,-266,100,366,-266,0,0,0,"14,304","13,745",559,"14,304","12,485","1,819","1,184",791,393,0,0,0,"1,184",791,393,"9,978","8,569","1,409","2,939","2,945",-6,0,0,0,204,180,24,0,"1,260","-1,260"
,4月,Apr,"14,483","11,345","3,139",714,0,714,0,0,0,714,0,714,272,459,-188,272,459,-188,0,0,0,"13,498","10,885","2,612","13,498","10,491","3,006","4,074","2,863","1,211",0,0,0,"4,074","2,863","1,211","6,653","4,734","1,919","2,602","2,589",13,0,0,0,168,305,-137,0,394,-394
,5月,May,"12,015","10,157","1,858",0,0,0,0,0,0,0,0,0,190,"1,003",-813,190,"1,003",-813,0,0,0,"11,825","9,154","2,671","11,825","8,598","3,227","1,953","1,702",251,0,0,0,"1,953","1,702",251,"6,418","3,808","2,609","2,897","2,622",275,0,0,0,557,466,91,0,556,-556
,6月,Jun,"9,957","10,251",-294,0,0,0,0,0,0,0,0,0,0,604,-604,0,604,-604,0,0,0,"9,957","9,647",310,"9,957","8,706","1,252","1,461","1,808",-347,0,0,0,"1,461","1,808",-347,"5,882","3,958","1,924","2,409","2,581",-172,0,0,0,206,359,-153,0,941,-941
,7月,Jul,"8,109","8,097",12,0,0,0,0,0,0,0,0,0,968,718,250,968,718,250,0,0,0,"7,141","7,379",-238,"7,141","6,400",741,735,"1,362",-627,0,0,0,735,"1,362",-627,"4,421","2,969","1,452","1,828","1,909",-81,0,0,0,157,160,-2,0,979,-979
,8月,Aug,"12,104","9,754","2,350",0,0,0,0,0,0,0,0,0,"1,801","1,021",780,"1,801","1,021",780,0,0,0,"10,303","8,733","1,570","10,303","8,055","2,248","2,107","1,308",799,0,0,0,"2,107","1,308",799,"5,245","3,927","1,319","2,349","2,388",-39,0,0,0,601,432,170,0,678,-678
,9月,Sep,"18,034","18,349",-315,0,0,0,0,0,0,0,0,0,"2,607","2,949",-341,"2,607","2,949",-341,0,0,0,"15,427","15,401",26,"15,427","14,811",616,"1,554","2,459",-906,0,0,0,"1,554","2,459",-906,"10,386","9,269","1,117","3,219","2,842",377,0,0,0,268,240,28,0,590,-590
,10月,Oct,"11,428","13,158","-1,730",0,0,0,0,0,0,0,0,0,0,"2,421","-2,421",0,"2,421","-2,421",0,0,0,"11,428","10,737",691,"11,428","10,310","1,118","1,464","1,610",-146,0,0,0,"1,464","1,610",-146,"7,104","6,183",921,"2,502","2,229",272,0,0,0,358,288,70,0,427,-427
,11月,Nov,"17,603","18,463",-859,0,0,0,0,0,0,0,0,0,808,562,246,808,562,246,0,0,0,"16,795","17,900","-1,105","16,795","16,634",161,"1,178",966,212,0,0,0,"1,178",966,212,"13,260","12,329",931,"1,895","2,785",-890,0,20,-20,462,534,-72,0,"1,266","-1,266"
,12月,Dec,"17,604","16,759",845,0,0,0,0,0,0,0,0,0,"1,293",126,"1,167","1,293",126,"1,167",0,0,0,"16,311","16,633",-322,"16,311","15,302","1,010","1,417",975,442,0,0,0,"1,417",975,442,"12,048","11,254",794,"2,596","2,798",-202,0,0,0,251,274,-24,0,"1,332","-1,332"
2016,1月,Jan,"24,608","21,475","3,133",0,3,-3,0,0,0,0,3,-3,"3,854","2,378","1,477","3,854","2,378","1,477",0,0,0,"20,754","19,094","1,659","20,754","18,345","2,409","1,662",841,821,0,0,0,"1,662",841,821,"15,883","14,457","1,426","2,929","2,825",105,0,20,-20,280,202,77,0,750,-750
,2月,Feb,"22,362","21,182","1,179",0,0,0,0,0,0,0,0,0,"2,763",978,"1,785","2,763",978,"1,785",0,0,0,"19,599","20,204",-606,"19,599","19,614",-15,"1,522","1,134",388,0,0,0,"1,522","1,134",388,"13,079","13,211",-132,"4,822","5,044",-221,0,0,0,175,225,-50,0,590,-590
,3月,Mar,"22,077","25,368","-3,291",0,12,-12,0,0,0,0,12,-12,"1,748","4,394","-2,646","1,748","4,394","-2,646",0,0,0,"20,329","20,962",-633,"20,329","19,993",336,"2,054","2,027",27,0,0,0,"2,054","2,027",27,"13,263","13,330",-67,"4,750","4,407",343,0,0,0,263,230,33,0,969,-969
,4月,Apr,"19,851","21,778","-1,927",0,0,0,0,0,0,0,0,0,46,"2,579","-2,533",46,"2,579","-2,533",0,0,0,"19,805","19,200",606,"19,805","18,700","1,106","1,340","1,300",40,0,0,0,"1,340","1,300",40,"13,369","12,175","1,194","4,857","4,871",-14,0,0,0,240,354,-114,0,500,-500
,5月,May,"22,852","20,395","2,457",0,0,0,0,0,0,0,0,0,534,118,416,534,117,417,0,0,0,"22,318","20,278","2,041","22,318","19,950","2,369","2,088","2,018",69,0,0,0,"2,088","2,018",69,"15,314","12,743","2,571","4,542","4,777",-235,0,0,0,375,411,-36,0,328,-328
,6月,Jun,"23,777","26,586","-2,809",0,0,0,0,0,0,0,0,0,385,"2,715","-2,330",385,"2,714","-2,330",0,1,-1,"23,393","23,871",-478,"23,393","22,928",465,"1,702","1,531",171,0,0,0,"1,702","1,531",171,"15,458","15,528",-70,"6,104","5,694",410,0,5,-5,129,170,-41,0,943,-943
,7月,Jul,"15,607","16,245",-638,0,0,0,0,0,0,0,0,0,935,"2,241","-1,306",935,"2,211","-1,276",0,30,-30,"14,673","14,004",668,"14,673","13,479","1,194","1,438",969,469,0,0,0,"1,438",969,469,"7,560","6,593",967,"5,375","5,602",-228,0,0,0,300,314,-14,0,526,-526
,8月,Aug,"12,576","15,710","-3,134",0,0,0,0,0,0,0,0,0,5,"1,906","-1,901",5,"1,905","-1,900",0,1,-1,"12,571","13,804","-1,233","12,571","12,887",-316,"1,360","1,365",-5,0,0,0,"1,360","1,365",-5,"6,291","6,656",-366,"4,653","4,696",-43,0,0,0,266,169,97,0,917,-917
,9月,Sep,"20,289","19,168","1,121",0,0,0,0,0,0,0,0,0,52,33,19,52,31,20,0,2,-2,"20,237","19,135","1,102","20,237","18,331","1,906","1,052",729,323,0,0,0,"1,052",729,323,"11,570","11,345",225,"5,044","5,183",-140,0,0,0,"2,572","1,073","1,499",0,804,-804
,10月,Oct,"15,288","17,453","-2,166",0,0,0,0,0,0,0,0,0,404,"1,141",-737,404,"1,139",-735,0,2,-2,"14,884","16,313","-1,429","14,884","15,558",-674,"1,645","1,530",115,0,0,0,"1,645","1,530",115,"9,221","9,164",57,"3,558","3,391",167,0,0,0,459,"1,473","-1,014",0,755,-755
,11月,Nov,"10,329","11,076",-747,0,0,0,0,0,0,0,0,0,0,115,-115,0,110,-110,0,5,-5,"10,329","10,961",-632,"10,329","10,187",141,"1,304","1,237",67,0,0,0,"1,304","1,237",67,"5,575","4,982",593,"2,867","2,897",-29,0,0,0,583,"1,071",-488,0,773,-773
,12月,Dec,"9,067","10,415","-1,348",0,1,-1,0,0,0,0,1,-1,846,759,87,430,757,-327,416,2,414,"8,221","9,655","-1,434","8,221","8,792",-570,794,661,133,0,0,0,794,661,133,"4,143","4,611",-468,"3,039","3,177",-138,0,0,0,246,343,-97,0,864,-864
2017,1月,Jan,"12,867","11,941",926,0,0,0,0,0,0,0,0,0,187,661,-474,187,659,-472,0,2,-2,"12,680","11,280","1,400","12,680","10,188","2,492","2,626","2,280",347,0,0,0,"2,626","2,280",347,"5,740","3,983","1,756","4,095","3,678",416,0,0,0,219,247,-28,0,"1,092","-1,092"
,2月,Feb,"16,822","16,675",147,0,11,-11,0,0,0,0,11,-11,35,14,20,35,13,21,0,1,-1,"16,787","16,649",138,"16,787","16,057",730,920,876,44,0,0,0,920,876,44,"12,207","11,635",573,"3,212","3,274",-62,0,0,0,449,273,176,0,592,-592
,3月,Mar,"41,444","40,398","1,046",0,2,-2,0,0,0,0,2,-2,712,756,-44,712,733,-21,0,23,-23,"40,732","39,641","1,091","40,732","38,972","1,760","1,552","2,385",-833,0,0,0,"1,552","2,385",-833,"31,604","29,235","2,368","7,036","6,665",371,0,0,0,540,686,-146,0,669,-669
,4月,Apr,"38,802","36,323","2,479",0,0,0,0,0,0,0,0,0,199,241,-43,199,240,-41,0,1,-1,"38,603","36,082","2,521","38,603","35,738","2,865","2,664","2,405",259,0,0,0,"2,664","2,405",259,"29,629","27,279","2,349","6,102","5,706",396,0,0,0,209,348,-139,0,344,-344
,5月,May,"48,558","50,195","-1,637",0,0,0,0,0,0,0,0,0,696,786,-90,696,785,-89,0,1,-1,"47,862","49,409","-1,547","47,862","48,673",-812,"2,630","2,678",-47,0,0,0,"2,630","2,678",-47,"39,539","39,607",-67,"5,360","5,958",-598,0,0,0,332,431,-99,0,736,-736
,6月,Jun,"47,297","47,988",-691,0,0,0,0,0,0,0,0,0,142,204,-62,142,197,-55,0,7,-7,"47,156","47,785",-629,"47,156","46,865",290,"1,856","1,998",-143,0,0,0,"1,856","1,998",-143,"37,635","37,185",450,"7,356","7,379",-23,0,0,0,309,302,6,0,919,-919
,7月,Jul,"50,080","47,564","2,516",0,0,0,0,0,0,0,0,0,"1,695",589,"1,106","1,695",588,"1,107",0,0,0,"48,385","46,975","1,410","48,385","46,261","2,124","1,109","1,325",-215,0,0,0,"1,109","1,325",-215,"41,755","39,862","1,893","5,261","4,967",294,0,0,0,259,107,153,0,714,-714
,8月,Aug,"51,823","49,592","2,230",0,0,0,0,0,0,0,0,0,"2,728",467,"2,261","2,678",467,"2,211",50,0,50,"49,095","49,125",-31,"49,095","48,207",888,"1,826","1,571",255,0,0,0,"1,826","1,571",255,"38,923","38,328",595,"7,990","8,012",-22,0,0,0,355,295,60,0,919,-919
,9月,Sep,"53,773","53,832",-59,0,0,0,0,0,0,0,0,0,98,61,36,98,61,36,0,0,0,"53,675","53,770",-95,"53,675","52,277","1,398","1,830","1,626",204,0,0,0,"1,830","1,626",204,"44,819","43,188","1,631","6,717","6,969",-251,0,0,0,309,495,-186,0,"1,493","-1,493"
,10月,Oct,"44,764","43,797",968,0,0,0,0,0,0,0,0,0,456,597,-141,456,597,-141,0,0,0,"44,308","43,200","1,108","44,308","42,151","2,157","1,171",677,494,0,0,0,"1,171",677,494,"35,465","33,638","1,827","7,489","7,634",-145,0,0,0,182,201,-19,0,"1,049","-1,049"
,11月,Nov,"53,384","53,415",-31,0,0,0,0,0,0,0,0,0,"1,546","1,608",-62,"1,546","1,608",-62,0,0,0,"51,838","51,807",31,"51,838","50,379","1,460","1,583","1,148",435,0,0,0,"1,583","1,148",435,"44,047","43,121",927,"5,676","5,581",94,0,0,0,533,529,4,0,"1,429","-1,429"
,12月,Dec,"41,872","43,128","-1,257",0,0,0,0,0,0,0,0,0,674,754,-80,674,754,-80,0,0,0,"41,198","42,375","-1,177","41,198","41,188",9,"1,342",938,404,0,0,0,"1,342",938,404,"29,350","30,639","-1,289","9,636","9,286",350,0,0,0,869,326,544,0,"1,186","-1,186"
2018,1月,Jan,"51,301","49,700","1,600",0,0,0,0,0,0,0,0,0,710,442,268,710,442,268,0,0,0,"50,591","49,258","1,333","50,591","48,205","2,386","3,186","1,709","1,477",0,0,0,"3,186","1,709","1,477","38,774","37,255","1,520","7,868","8,191",-323,0,0,0,762,"1,050",-288,0,"1,053","-1,053"
,2月,Feb,"52,353","49,206","3,147",0,0,0,0,0,0,0,0,0,"2,689","2,534",155,"2,689","2,534",155,0,0,0,"49,664","46,672","2,993","49,664","44,435","5,229","3,711","1,957","1,754",0,0,0,"3,711","1,957","1,754","36,264","33,775","2,489","9,465","8,451","1,014",0,0,0,224,252,-28,0,"2,236","-2,236"
,3月,Mar,"64,028","60,325","3,703",0,10,-10,0,0,0,0,10,-10,"1,080",356,724,"1,080",356,724,0,0,0,"62,948","59,959","2,989","62,948","57,819","5,129","3,450","1,670","1,780",0,0,0,"3,450","1,670","1,780","46,078","43,267","2,811","12,798","12,539",260,0,0,0,621,343,278,0,"2,140","-2,140"
,4月,Apr,"62,681","60,365","2,316",0,0,0,0,0,0,0,0,0,"1,262","1,211",51,"1,262","1,211",51,0,0,0,"61,419","59,154","2,265","61,419","57,566","3,853","2,220","1,437",783,0,0,0,"2,220","1,437",783,"47,157","43,944","3,213","11,798","11,821",-23,0,0,0,243,363,-121,0,"1,588","-1,588"
,5月,May,"56,758","57,507",-749,0,0,0,0,0,0,0,0,0,"1,407","2,068",-661,"1,407","2,068",-661,0,0,0,"55,350","55,439",-89,"55,350","54,212","1,138","3,917","3,196",721,0,0,0,"3,917","3,196",721,"40,968","41,078",-110,"9,777","9,235",542,0,0,0,688,703,-15,0,"1,226","-1,226"
,6月,Jun,"51,407","52,687","-1,279",0,1,-1,0,0,0,0,1,-1,"2,197","2,653",-456,"2,197","2,653",-456,0,0,0,"49,210","50,032",-822,"49,210","48,982",229,"2,069","2,416",-347,0,0,0,"2,069","2,416",-347,"39,066","38,311",755,"7,816","7,877",-61,0,0,0,260,378,-118,0,"1,051","-1,051"
,7月,Jul,"44,674","46,094","-1,420",0,0,0,0,0,0,0,0,0,705,"1,662",-957,705,"1,662",-957,0,0,0,"43,969","44,432",-463,"43,969","43,141",828,"1,616","1,897",-282,0,0,0,"1,616","1,897",-282,"33,437","31,865","1,571","8,568","8,738",-171,0,0,0,349,640,-291,0,"1,291","-1,291"
,8月,Aug,"69,053","70,504","-1,451",0,0,0,0,0,0,0,0,0,638,"1,206",-567,638,"1,153",-515,0,53,-53,"68,415","69,298",-883,"68,415","68,165",250,"2,299","2,511",-212,0,0,0,"2,299","2,511",-212,"58,055","56,535","1,520","7,725","8,605",-880,0,0,0,336,515,-179,0,"1,133","-1,133"
,9月,Sep,"61,194","62,863","-1,668",0,0,0,0,0,0,0,0,0,508,805,-298,508,803,-296,0,2,-2,"60,687","62,057","-1,371","60,687","60,356",330,"1,867","2,032",-165,0,0,0,"1,867","2,032",-165,"53,318","52,231","1,087","5,179","5,753",-575,0,0,0,324,340,-17,0,"1,701","-1,701"
,10月,Oct,"44,872","44,203",669,0,0,0,0,0,0,0,0,0,402,445,-43,320,442,-123,83,3,80,"44,470","43,758",712,"44,470","41,692","2,777","1,851","1,710",141,0,0,0,"1,851","1,710",141,"37,037","34,843","2,194","5,263","4,852",411,0,0,0,319,288,31,0,"2,066","-2,066"
,11月,Nov,"42,036","41,403",633,0,0,0,0,0,0,0,0,0,586,724,-138,559,638,-79,27,85,-59,"41,450","40,679",771,"41,450","39,605","1,845","1,020","1,102",-82,0,0,0,"1,020","1,102",-82,"33,751","32,090","1,661","6,285","5,937",348,0,0,0,394,477,-82,0,"1,074","-1,074"
,12月,Dec,"36,495","36,811",-316,0,0,0,0,0,0,0,0,0,"1,187","1,506",-318,"1,187","1,504",-317,0,2,-2,"35,307","35,306",2,"35,307","33,316","1,992","1,370","1,524",-153,0,0,0,"1,370","1,524",-153,"28,144","26,684","1,460","5,239","4,795",444,0,0,0,555,313,242,0,"1,990","-1,990"
2019,1月,Jan,"41,147","38,490","2,657",0,0,0,0,0,0,0,0,0,"1,211",999,212,"1,211",997,214,0,2,-2,"39,936","37,491","2,445","39,936","36,977","2,959","4,040","2,797","1,243",0,0,0,"4,040","2,797","1,243","27,459","26,220","1,239","8,022","7,340",682,0,0,0,415,619,-204,0,514,-514
,2月,Feb,"21,056","24,422","-3,366",0,0,0,0,0,0,0,0,0,35,944,-909,35,942,-907,0,2,-2,"21,021","23,478","-2,457","21,021","21,532",-510,643,"1,003",-360,0,0,0,643,"1,003",-360,"14,201","13,500",702,"5,903","6,659",-756,0,0,0,274,370,-96,0,"1,946","-1,946"
,3月,Mar,"21,330","21,770",-439,0,0,0,0,0,0,0,0,0,"1,088","1,342",-254,"1,088","1,342",-254,0,0,0,"20,243","20,428",-185,"20,243","18,281","1,962",927,"1,301",-374,0,0,0,927,"1,301",-374,"12,532","10,614","1,917","6,447","6,091",356,0,0,0,337,275,63,0,"2,147","-2,147"
,4月,Apr,"20,202","19,874",328,0,0,0,0,0,0,0,0,0,"1,769","1,572",197,"1,769","1,568",200,0,3,-3,"18,433","18,303",131,"18,433","16,454","1,979","3,631","3,261",371,0,0,0,"3,631","3,261",371,"8,460","6,701","1,760","5,872","5,950",-77,0,0,0,470,543,-74,0,"1,848","-1,848"
,5月,May,"20,372","20,021",351,0,0,0,0,0,0,0,0,0,518,465,53,518,460,58,0,4,-4,"19,854","19,557",297,"19,854","17,675","2,179","2,647","2,658",-11,0,0,0,"2,647","2,658",-11,"9,879","7,871","2,008","7,087","6,984",103,0,0,0,242,163,79,0,"1,881","-1,881"
,6月,Jun,"26,446","28,226","-1,780",0,1,-1,0,0,0,0,1,-1,"1,560","2,114",-554,"1,560","2,106",-546,0,8,-8,"24,886","26,111","-1,225","24,886","24,315",571,"1,249","1,504",-254,0,0,0,"1,249","1,504",-254,"17,486","16,086","1,401","5,897","6,497",-600,0,0,0,253,229,25,0,"1,795","-1,795"
,7月,Jul,"34,614","35,085",-471,0,0,0,0,0,0,0,0,0,378,762,-384,378,752,-375,0,10,-10,"34,237","34,324",-87,"34,237","33,009","1,228",759,650,109,0,0,0,759,650,109,"26,380","25,679",701,"6,819","6,323",497,0,0,0,279,357,-79,0,"1,315","-1,315"
,8月,Aug,"32,066","32,107",-41,0,0,0,0,0,0,0,0,0,"1,162","1,351",-189,"1,162","1,318",-155,0,33,-33,"30,904","30,756",147,"30,904","29,563","1,341","2,770","2,575",195,324,0,324,"2,446","2,575",-129,"21,374","20,174","1,200","6,295","6,512",-217,0,0,0,465,302,163,0,"1,194","-1,194"
,9月,Sep,"32,361","33,213",-852,0,0,0,0,0,0,0,0,0,"1,293","1,363",-70,"1,293","1,354",-61,0,9,-9,"31,068","31,850",-782,"31,068","30,263",805,"2,528","2,853",-325,0,0,0,"2,528","2,853",-325,"23,862","22,753","1,109","4,252","4,395",-143,0,0,0,427,262,165,0,"1,587","-1,587"
,10月,Oct,"23,879","25,746","-1,866",0,0,0,0,0,0,0,0,0,528,630,-102,528,627,-100,0,2,-2,"23,352","25,116","-1,764","23,352","23,327",25,"1,641","1,358",282,0,0,0,"1,641","1,358",282,"16,258","16,574",-316,"5,060","4,785",275,0,0,0,393,609,-216,0,"1,789","-1,789"
,11月,Nov,"22,930","22,602",328,0,0,0,0,0,0,0,0,0,626,677,-50,626,668,-42,0,8,-8,"22,303","21,925",378,"22,303","21,085","1,219","1,063","1,307",-244,0,0,0,"1,063","1,307",-244,"14,169","12,690","1,479","6,657","6,768",-111,0,0,0,414,319,95,0,841,-841
,12月,Dec,"20,987","22,154","-1,167",0,15,-15,0,0,0,0,15,-15,722,640,81,722,631,91,0,9,-9,"20,265","21,498","-1,233","20,265","19,376",889,"2,623","4,004","-1,380",0,0,0,"2,623","4,004","-1,380","13,462","11,708","1,754","3,831","3,375",456,0,0,0,348,289,59,0,"2,122","-2,122"
2020,1月,Jan,"21,816","19,834","1,982",0,0,0,0,0,0,0,0,0,325,606,-281,325,606,-281,0,0,0,"21,492","19,228","2,263","21,492","18,312","3,179","1,902",808,"1,093",0,0,0,"1,902",808,"1,093","15,443","14,318","1,125","3,963","2,886","1,077",0,0,0,184,300,-116,0,916,-916
,2月,Feb,"19,337","16,050","3,286",0,0,0,0,0,0,0,0,0,644,548,96,644,547,97,0,0,0,"18,692","15,503","3,190","18,692","14,195","4,497","4,670","3,593","1,076",0,0,0,"4,670","3,593","1,076","11,386","7,485","3,901","2,402","2,813",-410,0,0,0,234,304,-70,0,"1,307","-1,307"
,3月,Mar,"16,803","19,377","-2,574",0,0,0,0,0,0,0,0,0,445,885,-440,445,885,-440,0,0,0,"16,357","18,492","-2,135","16,357","17,093",-736,"2,111","4,238","-2,127",0,0,0,"2,111","4,238","-2,127","8,826","7,155","1,670","5,025","5,269",-245,0,0,0,396,431,-35,0,"1,398","-1,398"
,4月,Apr,"14,416","14,447",-30,0,0,0,0,0,0,0,0,0,311,"1,117",-806,311,"1,117",-806,0,0,0,"14,105","13,330",775,"14,105","12,503","1,602","2,877","1,363","1,514",0,0,0,"2,877","1,363","1,514","8,396","7,924",472,"2,376","2,742",-366,0,0,0,456,475,-19,0,827,-827
,5月,May,"13,766","10,338","3,428",0,0,0,0,0,0,0,0,0,393,403,-11,393,403,-10,0,0,0,"13,373","9,935","3,438","13,373","9,072","4,302","3,027",641,"2,387",0,0,0,"3,027",641,"2,387","9,157","7,268","1,889",959,960,-1,0,0,0,230,204,27,0,863,-863
,6月,Jun,"25,200","24,612",587,0,1,-1,0,0,0,0,1,-1,589,473,115,589,473,115,0,0,0,"24,611","24,138",473,"24,611","22,947","1,664","1,945","2,221",-276,0,0,0,"1,945","2,221",-276,"20,608","18,783","1,825","1,787","1,666",121,0,0,0,271,278,-6,0,"1,191","-1,191"
,7月,Jul,"21,240","20,678",562,0,0,0,0,0,0,0,0,0,465,482,-17,465,482,-17,0,0,0,"20,775","20,196",579,"20,775","18,883","1,892","2,104","2,556",-451,0,0,0,"2,104","2,556",-451,"14,318","13,150","1,167","3,907","2,870","1,037",0,0,0,446,307,139,0,"1,314","-1,314"
,8月,Aug,"17,879","15,821","2,058",0,2,-2,0,0,0,0,2,-2,349,392,-43,349,391,-43,0,0,0,"17,530","15,427","2,103","17,530","14,287","3,243","2,601","1,886",715,108,324,-216,"2,493","1,562",931,"12,490","9,884","2,605","2,030","2,036",-5,0,0,0,409,482,-72,0,"1,140","-1,140"
,9月,Sep,"21,697","21,012",686,0,8,-8,0,0,0,0,8,-8,515,391,123,515,391,123,0,0,0,"21,183","20,612",571,"21,183","19,574","1,609","3,251","3,319",-68,0,0,0,"3,251","3,319",-68,"14,570","13,193","1,377","2,943","2,658",285,0,0,0,418,404,14,0,"1,038","-1,038"
,10月,Oct,"25,564","26,108",-544,0,0,0,0,0,0,0,0,0,139,397,-258,139,397,-258,0,0,0,"25,425","25,710",-286,"25,425","23,928","1,497","3,140","2,602",538,0,0,0,"3,140","2,602",538,"19,685","18,369","1,316","2,003","2,587",-584,0,0,0,597,370,227,0,"1,782","-1,782"
,11月,Nov,"22,803","22,405",397,0,0,0,0,0,0,0,0,0,532,618,-86,532,618,-86,0,0,0,"22,271","21,788",484,"22,271","20,947","1,324","1,273","1,911",-638,0,0,0,"1,273","1,911",-638,"17,976","16,715","1,261","2,539","1,990",550,0,0,0,483,331,152,0,841,-841
,12月,Dec,"24,784","24,417",367,0,0,0,0,0,0,0,0,0,587,346,242,587,346,242,0,0,0,"24,197","24,071",126,"24,197","21,982","2,215","2,958","3,127",-169,0,0,0,"2,958","3,127",-169,"19,388","16,663","2,725","1,522","1,928",-406,0,0,0,330,264,66,0,"2,089","-2,089"
2021,1月,Jan,"22,888","21,655","1,233",0,0,0,0,0,0,0,0,0,617,212,405,617,212,405,0,0,0,"22,271","21,444",828,"22,271","19,924","2,347","2,632","2,168",463,0,0,0,"2,632","2,168",463,"17,447","15,824","1,622","1,672","1,315",356,0,0,0,521,616,-95,0,"1,519","-1,519"
,2月,Feb,"22,433","20,247","2,186",0,0,0,0,0,0,0,0,0,170,471,-301,170,471,-301,0,0,0,"22,263","19,776","2,487","22,263","17,688","4,575","2,698","2,194",504,0,0,0,"2,698","2,194",504,"17,699","13,647","4,053","1,382","1,479",-97,0,0,0,484,368,116,0,"2,088","-2,088"
,3月,Mar,"34,902","38,410","-3,509",0,0,0,0,0,0,0,0,0,569,486,83,569,486,83,0,0,0,"34,333","37,925","-3,592","34,333","35,193",-860,"1,405","3,240","-1,835",0,0,0,"1,405","3,240","-1,835","30,067","29,387",680,"2,406","2,131",274,0,0,0,455,434,21,0,"2,732","-2,732"
,4月,Apr,"20,238","19,370",868,0,0,0,0,0,0,0,0,0,0,53,-53,0,53,-53,0,0,0,"20,238","19,318",921,"20,238","18,676","1,562",822,"1,444",-622,0,0,0,822,"1,444",-622,"17,202","15,219","1,983","1,748","1,465",284,0,0,0,465,548,-83,0,641,-641
,5月,May,"25,380","25,459",-79,0,0,0,0,0,0,0,0,0,800,384,416,800,374,426,0,11,-11,"24,580","25,075",-495,"24,580","22,963","1,617","1,252","1,078",174,0,0,0,"1,252","1,078",174,"21,042","19,880","1,162","1,968","1,818",150,0,0,0,318,187,131,0,"2,111","-2,111"
,6月,Jun,"19,413","19,369",44,0,0,0,0,0,0,0,0,0,295,780,-485,295,780,-485,0,0,0,"19,118","18,589",529,"19,118","16,006","3,112","1,902","1,134",768,0,0,0,"1,902","1,134",768,"15,026","12,030","2,996","1,651","2,428",-778,0,0,0,539,414,125,0,"2,583","-2,583"
,7月,Jul,"20,103","20,752",-649,0,0,0,0,0,0,0,0,0,54,10,44,54,10,44,0,0,0,"20,048","20,742",-694,"20,048","19,261",787,"2,132","1,966",166,0,0,0,"2,132","1,966",166,"16,065","15,220",845,"1,395","1,562",-168,0,0,0,456,513,-57,0,"1,481","-1,481"
,8月,Aug,"22,419","20,076","2,343",0,0,0,0,0,0,0,0,0,622,342,280,622,342,280,0,0,0,"21,797","19,735","2,062","21,797","17,055","4,742","2,823","2,327",496,110,110,0,"2,713","2,217",496,"16,777","12,591","4,186","1,762","1,826",-64,0,0,0,435,312,124,0,"2,679","-2,679"
,9月,Sep,"22,287","24,345","-2,058",0,0,0,0,0,0,0,0,0,251,"1,122",-871,251,"1,122",-871,0,0,0,"22,036","23,223","-1,187","22,036","21,691",346,"2,242","2,842",-600,0,0,0,"2,242","2,842",-600,"17,551","16,775",776,"1,670","1,585",86,0,0,0,573,489,84,0,"1,533","-1,533"
,10月,Oct,"26,388","27,526","-1,138",0,0,0,0,0,0,0,0,0,33,82,-49,33,82,-49,0,0,0,"26,355","27,444","-1,089","26,355","25,508",847,481,"1,492","-1,012",0,0,0,481,"1,492","-1,012","23,841","22,331","1,510","1,518","1,335",184,0,0,0,515,350,165,0,"1,936","-1,936"
,11月,Nov,"23,800","26,384","-2,584",0,0,0,0,0,0,0,0,0,22,79,-57,22,79,-57,0,0,0,"23,778","26,305","-2,527","23,778","23,953",-175,"1,289","2,330","-1,041",0,0,0,"1,289","2,330","-1,041","20,020","19,375",646,"1,760","1,757",3,0,0,0,709,492,217,0,"2,351","-2,351"
,12月,Dec,"15,216","17,626","-2,410",0,0,0,0,0,0,0,0,0,285,251,34,285,251,34,0,0,0,"14,931","17,375","-2,443","14,931","15,721",-790,"1,752","1,654",98,0,0,0,"1,752","1,654",98,"10,943","11,516",-572,"1,744","1,785",-40,0,0,0,492,767,-275,0,"1,654","-1,654"
2022,1月,Jan,"26,471","26,823",-352,0,0,0,0,0,0,0,0,0,0,9,-9,0,9,-9,0,0,0,"26,471","26,815",-344,"26,471","25,349","1,122","1,321","1,591",-270,0,0,0,"1,321","1,591",-270,"22,796","21,381","1,415","1,828","1,932",-104,0,0,0,526,445,81,0,"1,466","-1,466"
,2月,Feb,"18,250","23,496","-5,246",0,0,0,0,0,0,0,0,0,23,419,-397,23,419,-397,0,0,0,"18,228","23,077","-4,850","18,228","20,872","-2,644","1,105","3,047","-1,942",0,0,0,"1,105","3,047","-1,942","15,530","16,196",-666,"1,177","1,255",-77,0,0,0,416,374,42,0,"2,206","-2,206"
,3月,Mar,"29,982","25,237","4,745",0,2,-2,0,0,0,0,2,-2,249,383,-134,249,383,-134,0,0,0,"29,733","24,852","4,881","29,733","23,709","6,024","3,022","1,726","1,296",0,0,0,"3,022","1,726","1,296","23,347","18,593","4,754","2,702","2,860",-158,0,0,0,662,530,133,0,"1,143","-1,143"
,4月,Apr,"21,689","22,995","-1,306",0,0,0,0,0,0,0,0,0,14,"1,183","-1,169",14,"1,183","-1,169",0,0,0,"21,675","21,812",-137,"21,675","21,046",629,"1,139","1,308",-170,0,0,0,"1,139","1,308",-170,"15,805","15,056",749,"4,215","4,162",53,0,0,0,516,520,-4,0,766,-766
,5月,May,"21,577","21,852",-275,0,0,0,0,0,0,0,0,0,39,"2,172","-2,133",39,"2,172","-2,133",0,0,0,"21,538","19,680","1,858","21,538","18,638","2,900","2,365","2,308",58,0,0,0,"2,365","2,308",58,"15,466","12,850","2,616","3,208","3,120",88,0,0,0,498,360,138,0,"1,042","-1,042"
,6月,Jun,"25,001","27,271","-2,270",0,0,0,0,0,0,0,0,0,62,695,-633,62,695,-633,0,0,0,"24,939","26,576","-1,637","24,939","25,832",-893,"2,054","2,546",-493,0,0,0,"2,054","2,546",-493,"16,676","17,020",-344,"5,558","5,739",-181,0,0,0,651,527,124,0,744,-744
,7月,Jul,"29,142","27,982","1,160",0,2,-2,0,0,0,0,2,-2,1,302,-300,1,302,-300,0,0,0,"29,141","27,678","1,463","29,141","26,403","2,738","3,239","1,924","1,315",0,0,0,"3,239","1,924","1,315","20,938","19,713","1,225","4,312","3,967",344,0,0,0,652,798,-147,0,"1,275","-1,275"
,8月,Aug,"26,614","28,681","-2,067",0,0,0,0,0,0,0,0,0,46,381,-335,46,381,-335,0,0,0,"26,568","28,300","-1,732","26,568","25,826",742,"2,537","2,990",-453,0,134,-134,"2,537","2,856",-319,"17,226","16,149","1,076","6,382","6,393",-10,0,0,0,423,294,129,0,"2,474","-2,474"
,9月,Sep,"50,514","49,153","1,361",0,0,0,0,0,0,0,0,0,40,45,-4,40,45,-4,0,0,0,"50,473","49,108","1,365","50,473","48,146","2,328","2,690","3,007",-317,0,0,0,"2,690","3,007",-317,"40,204","37,282","2,921","7,077","7,255",-178,0,0,0,502,601,-99,0,963,-963
,10月,Oct,"51,867","51,676",191,0,0,0,0,0,0,0,0,0,40,"2,737","-2,697",40,"2,737","-2,697",0,0,0,"51,828","48,939","2,889","51,828","48,152","3,676","2,195","2,598",-403,0,0,0,"2,195","2,598",-403,"40,541","36,684","3,857","8,719","8,408",311,0,0,0,374,462,-89,0,787,-787
,11月,Nov,"40,942","43,255","-2,312",0,0,0,0,0,0,0,0,0,370,31,339,370,31,339,0,0,0,"40,572","43,224","-2,652","40,572","42,502","-1,930","3,427","3,981",-554,0,0,0,"3,427","3,981",-554,"27,319","28,783","-1,464","9,464","9,468",-4,0,0,0,362,269,92,0,722,-722
,12月,Dec,"34,899","41,221","-6,322",0,0,0,0,0,0,0,0,0,157,130,28,157,130,28,0,0,0,"34,742","41,092","-6,350","34,742","40,205","-5,463","1,805","2,910","-1,105",0,0,0,"1,805","2,910","-1,105","20,611","25,454","-4,843","11,577","11,479",98,0,0,0,749,362,387,0,887,-887
2023,１月,Jan,"45,598","41,207","4,391",0,0,0,0,0,0,0,0,0,125,171,-46,125,171,-46,0,0,0,"45,473","41,036","4,436","45,473","40,394","5,078","1,745","1,603",142,0,0,0,"1,745","1,603",142,"37,574","33,452","4,123","5,429","4,782",647,0,0,0,725,558,167,0,642,-642
,２月,Feb,"36,686","37,980","-1,293",0,0,0,0,0,0,0,0,0,68,126,-58,68,126,-58,0,0,0,"36,619","37,854","-1,235","36,619","36,875",-256,"2,360","2,210",149,0,0,0,"2,360","2,210",149,"29,532","30,640","-1,108","4,156","3,358",798,0,0,0,570,666,-96,0,979,-979
,３月,Mar,"50,172","48,759","1,413",0,0,0,0,0,0,0,0,0,142,302,-160,142,302,-160,0,0,0,"50,031","48,458","1,573","50,031","47,589","2,442","3,202","3,086",116,0,0,0,"3,202","3,086",116,"32,720","31,571","1,149","13,597","12,344","1,253",0,0,0,512,588,-76,0,869,-869
,４月,Apr,"30,645","32,678","-2,033",0,0,0,0,0,0,0,0,0,205,374,-169,70,239,-169,135,135,0,"30,440","32,304","-1,864","30,440","31,590","-1,150","2,249","3,276","-1,028",0,0,0,"2,249","3,276","-1,028","21,311","21,672",-361,"6,196","6,112",84,0,0,0,683,529,154,0,714,-714
,５月,May,"48,841","45,811","3,030",0,0,0,0,0,0,0,0,0,77,405,-329,77,405,-329,0,0,0,"48,764","45,405","3,358","48,764","44,657","4,107","5,308","4,049","1,259",0,0,0,"5,308","4,049","1,259","28,132","24,812","3,320","14,322","14,810",-488,0,0,0,"1,001",986,15,0,748,-748
,６月,Jun,"45,145","46,922","-1,777",0,0,0,0,0,0,0,0,0,0,48,-48,0,48,-48,0,0,0,"45,145","46,874","-1,729","45,145","45,460",-316,"2,385","3,194",-809,0,0,0,"2,385","3,194",-809,"29,552","29,497",55,"12,625","12,259",367,0,0,0,583,511,72,0,"1,414","-1,414"
,７月,Jul,"43,083","41,204","1,879",0,0,0,0,0,0,0,0,0,"1,606",334,"1,271","1,606",334,"1,271",0,0,0,"41,478","40,870",608,"41,478","40,446","1,032","3,145","3,214",-69,0,0,0,"3,145","3,214",-69,"26,812","25,933",880,"10,902","10,781",121,0,0,0,618,519,99,0,424,-424
,８月,Aug,"41,314","40,930",384,0,0,0,0,0,0,0,0,0,0,954,-954,0,954,-954,0,0,0,"41,314","39,976","1,338","41,314","39,503","1,811","3,131","4,152","-1,022",0,0,0,"3,131","4,152","-1,022","23,204","21,104","2,100","14,053","13,853",200,0,0,0,926,393,533,0,473,-473
,９月,Sep,"40,754","41,450",-697,0,0,0,0,0,0,0,0,0,680,35,645,680,35,645,0,0,0,"40,074","41,415","-1,341","40,074","40,117",-43,"2,505","3,897","-1,393",0,0,0,"2,505","3,897","-1,393","26,902","26,011",891,"9,606","9,518",88,0,0,0,"1,061",691,370,0,"1,298","-1,298"
,10月,Oct,"28,961","30,424","-1,462",0,0,0,0,0,0,0,0,0,"1,041",328,713,"1,041",328,713,0,0,0,"27,921","30,096","-2,175","27,921","29,685","-1,764",724,"1,125",-401,0,0,0,724,"1,125",-401,"15,534","14,437","1,098","10,915","13,397","-2,482",0,0,0,747,725,22,0,411,-411
,11月,Nov,"33,477","31,255","2,222",0,0,0,0,0,0,0,0,0,58,436,-377,58,436,-377,0,0,0,"33,419","30,819","2,600","33,419","29,662","3,757","1,241","1,302",-61,0,0,0,"1,241","1,302",-61,"19,555","16,070","3,485","11,748","11,323",426,0,0,0,874,967,-93,0,"1,157","-1,157"
,12月,Dec,"23,542","21,520","2,022",0,0,0,0,0,0,0,0,0,"1,676",62,"1,615","1,676",62,"1,615",0,0,0,"21,866","21,458",408,"21,866","20,978",888,"1,706",903,803,0,0,0,"1,706",903,803,"12,421","13,304",-883,"6,265","5,416",849,0,0,0,"1,474","1,354",120,0,481,-481
2024,１月,Jan,"29,187","29,420",-233,0,0,0,0,0,0,0,0,0,"1,085","1,626",-541,"1,085","1,626",-541,0,0,0,"28,102","27,794",308,"28,102","27,441",661,"1,911","1,806",106,0,0,0,"1,911","1,806",106,"20,833","20,601",233,"4,511","4,243",268,0,0,0,847,792,55,0,353,-353
,２月,Feb,"37,469","29,016","8,452",0,0,0,0,0,0,0,0,0,314,614,-301,314,614,-301,0,0,0,"37,155","28,402","8,753","37,155","28,183","8,972",827,"1,271",-444,0,0,0,827,"1,271",-444,"23,281","18,332","4,948","11,679","8,032","3,648",0,0,0,"1,368",548,820,0,219,-219
,３月,Mar,"25,438","24,099","1,340",0,0,0,0,0,0,0,0,0,"3,242",498,"2,744","3,242",498,"2,744",0,0,0,"22,197","23,601","-1,404","22,197","22,788",-591,"1,031",983,48,0,0,0,"1,031",983,48,"17,162","15,762","1,400","3,144","5,465","-2,320",0,0,0,859,578,281,0,813,-813
,４月,Apr,"25,965","25,795",170,0,0,0,0,0,0,0,0,0,273,306,-32,273,306,-32,0,0,0,"25,692","25,490",202,"25,692","25,145",547,"1,441","1,533",-92,0,0,0,"1,441","1,533",-92,"19,567","16,497","3,070","3,462","5,772","-2,311",0,0,0,"1,223","1,343",-120,0,344,-344
,５月,May,"28,943","30,984","-2,041",0,0,0,0,0,0,0,0,0,"1,972",328,"1,645","1,972",328,"1,645",0,0,0,"26,971","30,657","-3,686","26,971","29,464","-2,494","2,086","2,217",-131,0,0,0,"2,086","2,217",-131,"15,905","13,567","2,338","7,722","12,597","-4,875",0,0,0,"1,258","1,083",174,0,"1,192","-1,192"
,６月,Jun,"35,202","40,950","-5,748",0,0,0,0,0,0,0,0,0,938,"2,064","-1,125",938,"2,064","-1,125",0,0,0,"34,264","38,886","-4,622","34,264","38,457","-4,193","1,074","1,399",-325,0,0,0,"1,074","1,399",-325,"23,457","21,561","1,896","8,749","14,844","-6,095",0,0,0,984,654,330,0,429,-429
,７月,Jul,"28,760","28,930",-170,0,0,0,0,0,0,0,0,0,"2,241","1,326",916,"2,241","1,326",916,0,0,0,"26,519","27,605","-1,086","26,519","26,863",-344,"1,486","1,561",-76,0,0,0,"1,486","1,561",-76,"19,303","17,741","1,563","3,926","6,320","-2,394",0,0,0,"1,804","1,241",563,0,742,-742
,８月,Aug,"39,221","39,276",-55,0,0,0,0,0,0,0,0,0,"4,286","3,961",326,"4,286","3,961",326,0,0,0,"34,935","35,316",-380,"34,935","34,070",865,"1,528","1,256",272,0,0,0,"1,528","1,256",272,"24,164","23,186",978,"7,952","8,468",-516,0,0,0,"1,291","1,160",132,0,"1,245","-1,245"
,９月,Sep,"49,722","51,976","-2,254",0,0,0,0,0,0,0,0,0,717,"2,472","-1,756",717,"2,472","-1,756",0,0,0,"49,005","49,503",-498,"49,005","46,974","2,031","1,314","1,568",-254,0,0,0,"1,314","1,568",-254,"34,576","33,652",924,"11,789","10,630","1,159",0,0,0,"1,327","1,125",202,0,"2,529","-2,529"
,10月,Oct,"40,476","36,924","3,552",0,0,0,0,0,0,0,0,0,"2,332","1,701",631,"2,332","1,701",631,0,0,0,"38,144","35,223","2,921","38,144","34,805","3,340",960,"1,651",-692,0,0,0,960,"1,651",-692,"23,702","22,003","1,699","11,891","9,908","1,982",0,0,0,"1,592","1,242",350,0,418,-418
,11月,Nov,"33,865","38,288","-4,423",0,0,0,0,0,0,0,0,0,"4,417","5,538","-1,121","4,417","5,538","-1,121",0,0,0,"29,448","32,750","-3,303","29,448","31,516","-2,069",954,780,174,0,0,0,954,780,174,"17,313","16,740",572,"10,192","12,925","-2,733",0,0,0,989,"1,071",-82,0,"1,234","-1,234"
,12月,Dec,"29,217","28,070","1,147",0,0,0,0,0,0,0,0,0,"1,502",911,591,"1,502",911,591,0,0,0,"27,715","27,158",557,"27,715","26,059","1,656",544,663,-119,0,0,0,544,663,-119,"13,292","12,510",782,"12,628","11,773",855,0,0,0,"1,250","1,113",137,0,"1,100","-1,100"
2025,１月,Jan,"38,170","29,649","8,521",0,0,0,0,0,0,0,0,0,"9,254","1,682","7,573","9,254","1,682","7,573",0,0,0,"28,916","27,967",948,"28,916","27,183","1,733","1,516",860,656,0,0,0,"1,516",860,656,"21,269","21,130",140,"4,809","3,964",845,0,0,0,"1,321","1,229",92,0,784,-784
,２月,Feb,"32,844","31,382","1,463",0,0,0,0,0,0,0,0,0,"2,649","1,326","1,322","2,649","1,326","1,322",0,0,0,"30,196","30,055",141,"30,196","28,720","1,476",933,"1,191",-258,0,0,0,933,"1,191",-258,"19,292","18,135","1,157","8,979","8,546",433,0,0,0,992,848,144,0,"1,335","-1,335"
,３月,Mar,"34,840","33,378","1,462",0,0,0,0,0,0,0,0,0,"2,072","1,806",266,"2,072","1,806",266,0,0,0,"32,768","31,571","1,197","32,768","30,108","2,660","1,785","1,294",491,0,0,0,"1,785","1,294",491,"19,520","17,724","1,795","9,923","10,106",-183,0,0,0,"1,540",983,556,0,"1,463","-1,463"
,４月,Apr,"39,950","30,886","9,063",0,0,0,0,0,0,0,0,0,"10,390","1,944","8,446","10,390","1,944","8,446",0,0,0,"29,559","28,943",617,"29,559","28,647",913,"1,240","1,041",199,0,0,0,"1,240","1,041",199,"14,254","14,362",-107,"12,606","12,099",506,0,0,0,"1,459","1,145",315,0,296,-296
,５月,May,"29,933","27,929","2,004",0,0,0,0,0,0,0,0,0,"5,356","3,336","2,020","5,356","3,336","2,020",0,0,0,"24,577","24,593",-16,"24,577","24,318",259,900,"1,070",-170,0,0,0,900,"1,070",-170,"15,175","14,814",360,"7,020","7,231",-210,0,0,0,"1,482","1,202",279,0,275,-275
,６月,Jun,"33,839","36,168","-2,329",0,0,0,0,0,0,0,0,0,"2,129","3,740","-1,611","2,129","3,740","-1,611",0,0,0,"31,711","32,428",-718,"31,711","30,542","1,169","1,053","1,467",-414,0,0,0,"1,053","1,467",-414,"17,889","16,767","1,122","11,287","10,982",305,0,0,0,"1,482","1,326",156,0,"1,886","-1,886"
,７月,Jul,"32,326","34,292","-1,966",0,0,0,0,0,0,0,0,0,108,"1,471","-1,364",108,"1,471","-1,364",0,0,0,"32,218","32,820",-602,"32,218","31,121","1,097",768,745,23,0,0,0,768,745,23,"15,289","14,412",878,"15,138","15,173",-35,0,0,0,"1,023",792,231,0,"1,699","-1,699"
,８月,Aug,"27,225","26,922",303,0,0,0,0,0,0,0,0,0,"1,107","1,465",-358,"1,107","1,465",-358,0,0,0,"26,118","25,457",661,"26,118","24,114","2,004",734,788,-54,0,0,0,734,788,-54,"12,913","11,318","1,595","11,249","11,180",69,0,0,0,"1,222",828,393,0,"1,342","-1,342"
,９月,Sep,"44,035","45,120","-1,086",0,0,0,0,0,0,0,0,0,"8,102","8,683",-580,"8,102","8,683",-580,0,0,0,"35,933","36,438",-505,"35,933","33,718","2,215",975,"1,146",-171,0,0,0,975,"1,146",-171,"22,429","20,788","1,641","10,694","10,681",13,0,0,0,"1,835","1,103",732,0,"2,720","-2,720"
,10月,Oct,"36,531","40,253","-3,722",0,0,0,0,0,0,0,0,0,"3,958","7,211","-3,253","3,958","7,211","-3,253",0,0,0,"32,573","33,042",-469,"32,573","31,524","1,049","1,710","1,582",128,0,0,0,"1,710","1,582",128,"22,161","20,424","1,737","7,126","7,683",-557,0,0,0,"1,576","1,835",-259,0,"1,518","-1,518"
,11月,Nov,"33,417","33,393",24,0,0,0,0,0,0,0,0,0,"1,906","2,058",-152,"1,906","2,058",-152,0,0,0,"31,512","31,335",176,"31,512","29,224","2,287",948,"1,121",-172,0,0,0,948,"1,121",-172,"21,611","18,371","3,240","7,799","8,808","-1,010",0,0,0,"1,154",924,230,0,"2,111","-2,111"
,12月,Dec,"38,765","36,779","1,986",0,0,0,0,0,0,0,0,0,"2,074","4,225","-2,151","2,074","4,225","-2,151",0,0,0,"36,691","32,554","4,137","36,691","32,078","4,613","1,146","1,044",102,0,0,0,"1,146","1,044",102,"22,694","20,144","2,550","11,115","9,414","1,701",0,0,0,"1,736","1,477",260,0,476,-476
2026,１月,Jan,"36,895","36,993",-99,0,0,0,0,0,0,0,0,0,"1,848","4,267","-2,418","1,848","4,267","-2,418",0,0,0,"35,046","32,727","2,319","35,046","30,560","4,486","1,596","1,622",-26,0,0,0,"1,596","1,622",-26,"23,590","19,107","4,483","7,897","8,162",-265,0,0,0,"1,963","1,668",294,0,"2,167","-2,167"
,２月,Feb,"46,568","43,047","3,521",0,0,0,0,0,0,0,0,0,"12,267","11,043","1,224","12,267","11,043","1,224",0,0,0,"34,301","32,004","2,297","34,301","30,197","4,104","1,697","1,593",104,0,0,0,"1,697","1,593",104,"21,955","19,863","2,092","8,322","7,394",928,0,0,0,"2,328","1,348",980,0,"1,807","-1,807"
,３月,Mar,"39,759","43,350","-3,591",0,0,0,0,0,0,0,0,0,"1,564","4,808","-3,245","1,564","4,808","-3,245",0,0,0,"38,195","38,542",-346,"38,195","35,903","2,292","2,248","2,385",-136,0,0,0,"2,248","2,385",-136,"23,348","20,840","2,507","10,422","11,054",-633,0,0,0,"2,177","1,624",554,0,"2,638","-2,638"
,４月,Apr,"33,547","40,741","-7,194",0,0,0,0,0,0,0,0,0,"3,692","6,363","-2,672","3,692","6,363","-2,672",0,0,0,"29,856","34,378","-4,522","29,856","27,899","1,957","1,820","1,826",-6,0,0,0,"1,820","1,826",-6,"15,305","14,400",905,"10,380","9,608",772,0,0,0,"2,350","2,064",286,0,"6,479","-6,479"
,５月,May,"38,087","39,958","-1,871",0,0,0,0,0,0,0,0,0,"4,192","4,548",-356,"4,192","4,548",-356,0,0,0,"33,895","35,409","-1,515","33,895","32,515","1,379","1,937","2,125",-188,0,0,0,"1,937","2,125",-188,"19,897","19,247",649,"9,660","9,311",350,0,0,0,"2,401","1,832",568,0,"2,894","-2,894"
,６月,Jun,"39,698","37,745","1,954",0,0,0,0,0,0,0,0,0,"3,553","5,280","-1,727","3,553","5,280","-1,727",0,0,0,"36,146","32,465","3,681","36,146","31,727","4,419","2,174","2,665",-491,0,0,0,"2,174","2,665",-491,"23,981","18,874","5,107","8,277","8,641",-365,0,0,0,"1,713","1,546",167,0,738,-738
,７月,Jul,"51,365","43,111","8,254",0,0,0,0,0,0,0,0,0,"12,817","3,570","9,247","12,817","3,570","9,247",0,0,0,"38,548","39,541",-994,"38,548","37,506","1,041","2,464","2,544",-80,0,0,0,"2,464","2,544",-80,"24,601","22,850","1,751","8,612","9,929","-1,317",0,0,0,"2,871","2,183",688,0,"2,035","-2,035"
,８月,Aug,,,,,,,,,,,,,,,,,,,,,,,,,,,,,,,,,,,,,,,,,,,,,,,,,,,
,９月,Sep,,,,,,,,,,,,,,,,,,,,,,,,,,,,,,,,,,,,,,,,,,,,,,,,,,,
,10月,Oct,,,,,,,,,,,,,,,,,,,,,,,,,,,,,,,,,,,,,,,,,,,,,,,,,,,
,11月,Nov,,,,,,,,,,,,,,,,,,,,,,,,,,,,,,,,,,,,,,,,,,,,,,,,,,,
,12月,Dec,,,,,,,,,,,,,,,,,,,,,,,,,,,,,,,,,,,,,,,,,,,,,,,,,,,
2005年(1月～12月）  2005CY,,,"84,561","91,303","-6,742",0,40,-40,-,-,-,-,-,-,"16,540","19,382","-2,842","14,287","17,184","-2,897","2,252","2,197",55,"68,022","71,882","-3,860","65,883","59,648","6,236","27,356","27,278",78,-,-,-,-,-,-,"12,885","2,631","10,254","3,615","3,953",-338,3,47,-43,"22,024","25,739","-3,715","2,139","12,235","-10,096"
2006年(1月～12月）  2006CY,,,"94,237","101,852","-7,616",0,0,0,-,-,-,-,-,-,"10,660","11,707","-1,047","8,447","9,145",-698,"2,213","2,562",-349,"83,576","90,145","-6,569","82,588","79,174","3,414","41,581","41,259",323,-,-,-,-,-,-,"9,465","3,130","6,335","2,353","2,880",-527,0,25,-25,"29,189","31,880","-2,692",989,"10,972","-9,983"
2007年(1月～12月）  2007CY,,,"114,050","117,247","-3,196",0,0,0,-,-,-,-,-,-,"22,311","18,412","3,899","20,774","16,677","4,097","1,538","1,735",-198,"91,739","98,834","-7,095","87,914","86,122","1,792","33,388","35,215","-1,827",-,-,-,-,-,-,"7,393","1,766","5,627","23,004","23,141",-137,299,18,281,"23,830","25,982","-2,152","3,824","12,712","-8,889"
2008年(1月～12月）  2008CY,,,"94,622","92,330","2,292",0,0,0,-,-,-,-,-,-,"25,393","26,164",-772,"24,182","25,538","-1,356","1,211",626,585,"69,229","66,166","3,063","68,325","61,713","6,612","18,267","20,006","-1,739",-,-,-,-,-,-,"10,136","1,025","9,111","21,056","20,950",106,299,0,299,"18,567","19,732","-1,165",904,"4,453","-3,549"
2009年(1月～12月）  2009CY,,,"68,900","59,613","9,287",0,0,0,-,-,-,-,-,-,"18,243","11,737","6,506","18,040","10,746","7,295",203,991,-788,"50,657","47,876","2,781","50,629","40,698","9,933","15,902","14,911",991,-,-,-,-,-,-,"13,689","4,181","9,508","13,835","13,009",827,0,25,-25,"7,203","8,572","-1,368",28,"7,179","-7,151"
2010年(1月～12月）  2010CY,,,"60,595","58,655","1,940",0,0,0,-,-,-,-,-,-,"8,315","10,264","-1,950","8,181","10,061","-1,880",134,204,-70,"52,281","48,391","3,890","52,206","40,999","11,206","21,215","18,581","2,634",-,-,-,-,-,-,"13,415","3,576","9,839","11,679","12,175",-497,0,25,-25,"5,897","6,642",-745,75,"7,391","-7,316"
2011年(1月～12月）  2011CY,,,"54,544","60,407","-5,863",0,0,0,-,-,-,-,-,-,"6,071","9,835","-3,764","5,971","9,699","-3,728",100,136,-36,"48,473","50,572","-2,099","48,448","44,412","4,036","22,407","24,821","-2,414",-,-,-,-,-,-,"13,448","6,149","7,299","7,586","7,407",179,0,1,-1,"5,007","6,034","-1,027",25,"6,160","-6,135"
2012年(1月～12月）  2012CY,,,"70,701","71,430",-729,0,0,0,-,-,-,-,-,-,"9,320","7,413","1,907","9,187","7,303","1,884",133,110,23,"61,381","64,017","-2,636","61,357","57,084","4,275","10,630","9,347","1,284",-,-,-,-,-,-,"19,115","14,861","4,254","26,847","25,890",958,0,0,0,"4,765","6,986","-2,221",24,"6,934","-6,910"
2013年(1月～12月）  2013CY,,,"107,715","111,717","-4,002",0,3,-3,-,-,-,-,-,-,"2,670","6,848","-4,177","2,670","6,774","-4,103",0,74,-74,"105,045","104,866",179,"105,024","94,412","10,611","18,325","16,763","1,563",-,-,-,-,-,-,"59,382","50,705","8,676","22,612","22,007",605,0,0,0,"4,705","4,937",-233,22,"10,454","-10,432"
2014年(1月～12月）  2014CY,,,"118,317","108,451","9,866",0,6,-6,0,0,0,0,6,-6,"5,051","3,169","1,882","5,051","3,161","1,891",0,8,-8,"113,266","105,275","7,990","113,211","97,577","15,634","17,885","17,235",650,0,0,0,"17,885","17,235",650,"61,257","46,987","14,269","28,716","27,828",889,0,0,0,"5,353","5,527",-174,55,"7,698","-7,644"
2015年(1月～12月）  2015CY,,,"166,666","156,677","9,988",714,0,714,0,0,0,714,0,714,"13,965","12,636","1,328","13,965","12,636","1,328",0,0,0,"151,987","144,041","7,946","151,987","134,227","17,760","19,942","18,414","1,528",0,0,0,"19,942","18,414","1,528","98,760","81,569","17,191","29,340","30,355","-1,015",0,20,-20,"3,945","3,868",76,0,"9,814","-9,814"
2016年(1月～12月）  2016CY,,,"218,683","226,853","-8,170",0,16,-16,0,0,0,0,16,-16,"11,570","19,356","-7,785","11,154","19,312","-8,158",416,44,372,"207,112","207,481",-369,"207,112","198,762","8,350","17,960","15,342","2,618",0,0,0,"17,960","15,342","2,618","130,725","124,795","5,930","52,541","52,565",-24,0,25,-25,"5,886","6,036",-150,0,"8,719","-8,719"
2017年(1月～12月）  2017CY,,,"501,486","494,849","6,637",0,13,-13,0,0,0,0,13,-13,"9,167","6,738","2,429","9,117","6,701","2,416",50,37,13,"492,319","488,098","4,221","492,319","476,956","15,362","21,110","19,907","1,203",0,0,0,"21,110","19,907","1,203","390,713","377,700","13,012","75,931","75,109",822,0,0,0,"4,565","4,240",325,0,"11,141","-11,141"
2018年(1月～12月）  2018CY,,,"636,852","631,667","5,185",0,11,-11,0,0,0,0,11,-11,"13,373","15,612","-2,239","13,263","15,467","-2,204",110,145,-35,"623,480","616,044","7,435","623,480","597,495","25,985","28,577","23,161","5,416",0,0,0,"28,577","23,161","5,416","492,049","471,878","20,170","97,780","96,793",987,0,0,0,"5,074","5,662",-588,0,"18,550","-18,550"
2019年(1月～12月）  2019CY,,,"317,390","323,709","-6,319",0,16,-16,0,0,0,0,16,-16,"10,889","12,857","-1,969","10,889","12,766","-1,878",0,91,-91,"306,502","310,836","-4,334","306,502","291,856","14,645","24,522","25,271",-749,324,0,324,"24,198","25,271","-1,073","205,521","190,568","14,953","72,142","71,678",464,0,0,0,"4,317","4,339",-22,0,"18,979","-18,979"
2020年(1月～12月）  2020CY,,,"245,305","235,099","10,206",0,11,-11,0,0,0,0,11,-11,"5,292","6,657","-1,365","5,292","6,656","-1,364",0,1,-1,"240,013","228,431","11,582","240,013","213,724","26,289","31,859","28,265","3,594",108,324,-216,"31,751","27,941","3,810","172,243","150,908","21,335","31,457","30,403","1,053",0,0,0,"4,455","4,148",307,0,"14,707","-14,707"
2021年(1月～12月）  2021CY,,,"275,467","281,220","-5,753",0,0,0,0,0,0,0,0,0,"3,718","4,272",-554,"3,718","4,262",-543,0,11,-11,"271,749","276,948","-5,199","271,749","253,639","18,110","21,429","23,870","-2,440",110,110,0,"21,319","23,760","-2,440","223,682","203,795","19,887","20,675","20,485",190,0,0,0,"5,963","5,490",473,0,"23,309","-23,309"
2022年(1月～12月）  2022CY,,,"376,949","389,643","-12,694",0,4,-4,0,0,0,0,4,-4,"1,042","8,485","-7,443","1,042","8,485","-7,443",0,0,0,"375,907","381,154","-5,247","375,907","366,679","9,228","26,898","29,936","-3,038",0,134,-134,"26,898","29,802","-2,904","276,460","265,162","11,297","66,220","66,038",182,0,0,0,"6,330","5,543",787,0,"14,475","-14,475"
2023年(1月～12月）  2023CY,,,"468,219","460,140","8,079",0,0,0,0,0,0,0,0,0,"5,678","3,575","2,103","5,542","3,439","2,103",135,135,0,"462,541","456,565","5,976","462,541","446,955","15,586","29,699","32,013","-2,313",0,0,0,"29,699","32,013","-2,313","303,251","288,503","14,748","119,815","117,953","1,862",0,0,0,"9,776","8,487","1,289",0,"9,610","-9,610"
2024年(1月～12月）  2024CY,,,"403,465","403,728",-263,0,0,0,0,0,0,0,0,0,"23,319","21,344","1,976","23,319","21,344","1,976",0,0,0,"380,146","382,384","-2,239","380,146","371,765","8,380","15,154","16,687","-1,533",0,0,0,"15,154","16,687","-1,533","252,555","232,152","20,404","97,645","110,977","-13,333",0,0,0,"14,792","11,949","2,843",0,"10,619","-10,619"
2025年(1月～12月）  2025CY,,,"421,875","406,149","15,725",0,0,0,0,0,0,0,0,0,"49,104","38,946","10,158","49,104","38,946","10,158",0,0,0,"372,771","367,203","5,568","372,771","351,298","21,472","13,709","13,349",359,0,0,0,"13,709","13,349",359,"224,496","208,390","16,107","117,745","115,867","1,878",0,0,0,"16,820","13,692","3,128",0,"15,905","-15,905"
2005年4月～2006年3月  2005FY,,,"87,408","91,078","-3,670",0,40,-40,-,-,-,-,-,-,"14,619","15,573",-955,"12,314","12,890",-576,"2,304","2,683",-379,"72,789","75,465","-2,676","70,652","62,737","7,917","30,988","29,998",990,-,-,-,-,-,-,"13,695","3,323","10,372","2,910","3,032",-121,3,67,-63,"23,056","26,317","-3,261","2,137","12,729","-10,592"
2006年4月～2007年3月  2006FY,,,"93,064","100,225","-7,161",0,0,0,-,-,-,-,-,-,"11,990","10,451","1,539","10,015","8,158","1,857","1,975","2,294",-318,"81,073","89,774","-8,700","79,877","79,277",600,"39,488","41,145","-1,657",-,-,-,-,-,-,"6,622","2,149","4,473","4,229","4,224",5,0,10,-10,"29,538","31,749","-2,211","1,197","10,497","-9,300"
2007年4月～2008年3月  2007FY,,,"119,143","123,173","-4,030",0,0,0,-,-,-,-,-,-,"25,193","25,693",-501,"23,904","24,111",-206,"1,288","1,582",-294,"93,951","97,480","-3,530","90,045","86,655","3,392","31,042","32,820","-1,779",-,-,-,-,-,-,"9,103","1,769","7,335","26,017","26,633",-615,599,8,591,"23,284","25,425","-2,140","3,905","10,826","-6,921"
2008年4月～2009年3月  2008FY,,,"85,049","76,536","8,514",0,0,0,-,-,-,-,-,-,"25,122","18,114","7,009","23,995","17,588","6,407","1,127",526,601,"59,927","58,422","1,505","59,617","53,902","5,713","16,432","17,642","-1,211",-,-,-,-,-,-,"9,483","1,154","8,329","19,063","19,052",11,0,0,0,"14,639","16,054","-1,416",311,"4,519","-4,208"
2009年4月～2010年3月  2009FY,,,"64,143","61,816","2,328",0,0,0,-,-,-,-,-,-,"12,442","12,780",-338,"12,261","11,926",335,181,854,-673,"51,702","49,036","2,666","51,685","40,775","10,908","17,389","15,980","1,409",-,-,-,-,-,-,"14,927","4,429","10,497","12,951","12,471",479,0,50,-50,"6,418","7,845","-1,427",17,"8,259","-8,242"
2010年4月～2011年3月  2010FY,,,"63,359","60,948","2,411",0,0,0,-,-,-,-,-,-,"8,629","9,353",-724,"8,472","9,176",-704,157,177,-20,"54,730","51,595","3,135","54,652","44,155","10,495","23,899","20,698","3,200",-,-,-,-,-,-,"13,375","4,840","8,534","11,651","11,791",-140,0,0,0,"5,727","6,826","-1,099",78,"7,439","-7,361"
2011年4月～2012年3月  2011FY,,,"53,130","58,801","-5,672",0,0,0,-,-,-,-,-,-,"6,419","8,688","-2,269","6,334","8,552","-2,218",85,136,-51,"46,711","50,113","-3,403","46,688","43,800","2,888","17,158","20,318","-3,161",-,-,-,-,-,-,"12,915","6,252","6,663","11,526","11,102",424,0,1,-1,"5,089","6,127","-1,037",22,"6,313","-6,291"
2012年4月～2013年3月  2012FY,,,"77,425","81,315","-3,891",0,1,-1,-,-,-,-,-,-,"7,836","9,002","-1,166","7,738","8,890","-1,152",98,112,-14,"69,589","72,313","-2,724","69,555","63,837","5,717","13,587","12,241","1,346",-,-,-,-,-,-,"25,007","20,278","4,728","26,538","25,296","1,242",0,0,0,"4,423","6,022","-1,599",34,"8,475","-8,441"
2013年4月～2014年3月  2013FY,,,"108,623","107,649",973,0,2,-2,-,-,-,-,-,-,"1,997","4,773","-2,776","1,997","4,693","-2,696",0,80,-80,"106,626","102,874","3,751","106,613","94,742","11,871","18,326","17,736",590,-,-,-,-,-,-,"60,295","49,461","10,834","22,592","22,020",571,0,0,0,"5,400","5,524",-124,13,"8,132","-8,119"
2014年4月～2015年3月  2014FY,,,"141,431","128,110","13,321",0,6,-6,0,0,0,0,6,-6,"10,913","5,461","5,452","10,913","5,460","5,453",0,1,-1,"130,518","122,643","7,875","130,464","113,978","16,485","16,837","14,996","1,841",0,0,0,"16,837","14,996","1,841","78,783","63,860","14,922","29,968","30,133",-165,0,0,0,"4,876","4,988",-112,54,"8,665","-8,611"
2015年4月～2016年3月  2015FY,,,"190,384","184,358","6,026",714,15,699,0,0,0,714,15,699,"16,304","17,613","-1,309","16,304","17,613","-1,309",0,0,0,"173,366","166,730","6,636","173,366","157,257","16,109","21,181","19,055","2,126",0,0,0,"21,181","19,055","2,126","113,641","99,429","14,212","34,798","35,019",-221,0,40,-40,"3,746","3,714",32,0,"9,473","-9,473"
2016年4月～2017年3月  2016FY,,,"220,769","227,841","-7,072",0,14,-14,0,0,0,0,14,-14,"4,139","13,037","-8,898","3,723","12,967","-9,244",416,70,347,"216,630","214,791","1,839","216,630","206,028","10,602","17,821","16,882",939,0,0,0,"17,821","16,882",939,"138,051","128,650","9,401","54,383","53,907",475,0,5,-5,"6,375","6,584",-209,0,"8,763","-8,763"
2017年4月～2018年3月  2017FY,,,"598,035","585,066","12,969",0,10,-10,0,0,0,0,10,-10,"12,713","8,640","4,073","12,663","8,629","4,034",50,11,39,"585,322","576,416","8,906","585,322","562,198","23,124","26,359","19,701","6,657",0,0,0,"26,359","19,701","6,657","462,279","447,144","15,135","91,720","90,673","1,047",0,0,0,"4,965","4,680",285,0,"14,218","-14,218"
2018年4月～2019年3月  2018FY,,,"552,703","557,117","-4,414",0,1,-1,0,0,0,0,1,-1,"11,226","15,564","-4,337","11,117","15,415","-4,298",110,149,-39,"541,477","541,553",-76,"541,477","523,825","17,651","23,840","22,926",914,0,0,0,"23,840","22,926",914,"425,124","407,916","17,208","88,020","87,702",318,0,0,0,"4,493","5,281",-788,0,"17,727","-17,727"
2019年4月～2020年3月  2019FY,,,"291,812","294,289","-2,476",0,16,-16,0,0,0,0,16,-16,"9,969","11,611","-1,642","9,969","11,524","-1,554",0,88,-88,"281,843","282,661",-818,"281,843","264,668","17,175","27,593","28,809","-1,216",324,0,324,"27,269","28,809","-1,540","186,985","169,193","17,792","63,160","62,556",604,0,0,0,"4,105","4,110",-4,0,"17,994","-17,994"
2020年4月～2021年3月  2020FY,,,"267,573","260,151","7,422",0,11,-11,0,0,0,0,11,-11,"5,234","5,787",-553,"5,234","5,787",-552,0,1,-1,"262,338","254,352","7,986","262,338","236,928","25,410","29,912","27,228","2,684",108,324,-216,"29,804","26,904","2,900","201,800","180,807","20,993","25,526","24,361","1,164",0,0,0,"5,100","4,531",569,0,"17,424","-17,424"
2021年4月～2022年3月  2021FY,,,"269,947","276,464","-6,517",0,2,-2,0,0,0,0,2,-2,"2,634","3,915","-1,281","2,634","3,904","-1,270",0,11,-11,"267,313","272,548","-5,234","267,313","250,764","16,550","20,142","22,631","-2,489",110,110,0,"20,032","22,521","-2,489","220,142","201,107","19,035","20,923","21,606",-683,0,0,0,"6,106","5,420",686,0,"21,784","-21,784"
2022年4月～2023年3月  2022FY,,,"434,703","442,033","-7,330",0,2,-2,0,0,0,0,2,-2,"1,105","8,273","-7,168","1,105","8,273","-7,168",0,0,0,"433,598","433,758",-160,"433,598","421,607","11,990","28,756","30,471","-1,715",0,134,-134,"28,756","30,337","-1,581","314,613","304,655","9,959","83,694","80,475","3,219",0,0,0,"6,533","6,006",528,0,"12,151","-12,151"
2023年4月～2024年3月  2023FY,,,"427,856","414,729","13,126",0,0,0,0,0,0,0,0,0,"9,983","5,715","4,268","9,848","5,579","4,268",135,135,0,"417,873","409,015",8858,"417,873","400,509","17,364","26,162","29,173","-3,011",0,0,0,"26,162","29,173","-3,011","264,701","247,534","17,166","115,967","115,208",759,0,0,0,"11,043","8,593",2449,0,"8,506","-8,506"
2024年4月～2025年3月  2024FY,,,"417,226","415,601","1,625",0,0,0,0,0,0,0,0,0,"32,655","23,420","9,235","32,655","23,420","9,235",0,0,0,"384,571","392,181","-7,610","384,571","379,365","5,207","15,619","15,973",-354,0,0,0,"15,619","15,973",-354,"251,360","234,446","16,914","102,022","115,853","-13,832",0,0,0,"15,571","13,092","2,479",0,"12,817","-12,817"
2025年4月～2026年3月  2025FY,,,"439,241","435,131","4,110",0,0,0,0,0,0,0,0,0,"50,808","54,249","-3,442","50,808","54,249","-3,442",0,0,0,"388,434","380,882","7,552","388,434","361,948","26,486","15,015","15,603",-588,0,0,0,"15,015","15,603",-588,"233,309","211,211","22,098","120,674","119,862",812,0,0,0,"19,435","15,271","4,164",0,"18,934","-18,934"
,,,,,,,,,,,,,,,,,,,,,,,,,,,,,,,,,,,,,,,,,,,,,,,,,,,,,
（備考）,①,四捨五入のため、合計に合わないことがある。,,,,,,,,,,,,,,,,,,,,,,,,,,,,,,,,,,,,,,,,,,,,,,,,,,,
,②,ネットのプラス（＋）は取得超、マイナス（－）は処分超を表す。,,,,,,,,,,,,,,,,,,,,,,,,,,,,,,,,,,,,,,,,,,,,,,,,,,,
,③,平成19年9月30日の金融商品取引法施行に伴い、「外国為替及び外国貿易法」及び関係政省令が改正されており、「金融商品取引業者」については、平成19年9月分までの計数は法改正前の「証券会社」区分に,,,,,,,,,,,,,,,,,,,,,,,,,,,,,,,,,,,,,,,,,,,,,,,,,,,
,,よるものとなっている。同様に、「投資信託委託会社等」については、法改正前の「投資信託委託業者」区分によるものとなっている。,,,,,,,,,,,,,,,,,,,,,,,,,,,,,,,,,,,,,,,,,,,,,,,,,,,
,④,投資信託委託会社等とは、投資信託委託会社及び資産運用会社の投資状況を表している。,,,,,,,,,,,,,,,,,,,,,,,,,,,,,,,,,,,,,,,,,,,,,,,,,,,
,  (Note 1),Totals may not add due to rounding.,,,,,,,,,,,,,,,,,,,,,,,,,,,,,,,,,,,,,,,,,,,,,,,,,,,
,  (Note 2),International Transactions in Securities show net aquisition with a plus sign(＋) and net disposition with a minus sign(－).,,,,,,,,,,,,,,,,,,,,,,,,,,,,,,,,,,,,,,,,,,,,,,,,,,,
,  (Note 3),"In view of the amendment of the Foreign Exchange and Foreign Trade Act and of relevant ordinances that took place in line with the enforcement of the Financial Instruments and Exchange Act on September 30, 2007, the categories ",,,,,,,,,,,,,,,,,,,,,,,,,,,,,,,,,,,,,,,,,,,,,,,,,,,
,,"of investors, securities companies and investment trust companies, were changed to financial instruments firms and investment trust management companies, respectively. Time-series data for months through September 2007",,,,,,,,,,,,,,,,,,,,,,,,,,,,,,,,,,,,,,,,,,,,,,,,,,,
,,are compiled based on the old categories.,,,,,,,,,,,,,,,,,,,,,,,,,,,,,,,,,,,,,,,,,,,,,,,,,,,
,  (Note 4),Figures in Investment trust management companies include figures of asset management companies.,,,,,,,,,,,,,,,,,,,,,,,,,,,,,,,,,,,,,,,,,,,,,,,,,,,
